instal type,SED name,SED state,Capacity,capacity Commercial,capacity Power Station,capacity Residential,Density,Dwellings,instals Power Station,number of instals
instals Commercial,Adelaide,SA,54464,18653,10100,25711,37.5,13227,7,647
instals Residential,Adelaide,SA,54464,18653,10100,25711,37.5,13227,7,4963
instals Commercial,Albany (South West),WA,25254,4796,200,20258,24.7,19292,1,144
instals Residential,Albany (South West),WA,25254,4796,200,20258,24.7,19292,1,4763
instals Commercial,Albert Park (Southern Metropolitan),VIC,17777,8468,2164,7145,11.3,14081,9,218
instals Residential,Albert Park (Southern Metropolitan),VIC,17777,8468,2164,7145,11.3,14081,9,1591
instals Commercial,Albury,NSW,171103,27231,55130,88742,40.1,40484,12,944
instals Residential,Albury,NSW,171103,27231,55130,88742,40.1,40484,12,16221
instals Commercial,Algester,QLD,102863,17030,8725,77108,61.9,23552,12,592
instals Residential,Algester,QLD,102863,17030,8725,77108,61.9,23552,12,14590
instals Commercial,Altona (Western Metropolitan),VIC,68491,10778,2149,55564,29.2,38820,3,273
instals Residential,Altona (Western Metropolitan),VIC,68491,10778,2149,55564,29.2,38820,3,11349
instals Commercial,Arafura,NT,5968,1356,3263,1349,13,1497,5,36
instals Residential,Arafura,NT,5968,1356,3263,1349,13,1497,5,194
instals Commercial,Araluen,NT,11597,3438,277,7882,33.5,4663,1,86
instals Residential,Araluen,NT,11597,3438,277,7882,33.5,4663,1,1561
instals Commercial,Armadale (East Metropolitan),WA,68055,5350,240,62465,54.9,23400,1,180
instals Residential,Armadale (East Metropolitan),WA,68055,5350,240,62465,54.9,23400,1,12839
instals Commercial,Arnhem,NT,12828,2170,9498,1160,6.8,2526,6,57
instals Residential,Arnhem,NT,12828,2170,9498,1160,6.8,2526,6,172
instals Commercial,Aspley,QLD,60548,8337,1278,50933,47.3,21490,3,303
instals Residential,Aspley,QLD,60548,8337,1278,50933,47.3,21490,3,10166
instals Commercial,Auburn,NSW,48908,18290,3126,27492,23.6,21779,10,477
instals Residential,Auburn,NSW,48908,18290,3126,27492,23.6,21779,10,5136
instals Commercial,Badcoe,SA,45239,10706,3579,30954,45.3,13720,5,369
instals Residential,Badcoe,SA,45239,10706,3579,30954,45.3,13720,5,6219
instals Commercial,Balcatta (North Metropolitan),WA,42827,12593,605,29629,32.2,19245,2,361
instals Residential,Balcatta (North Metropolitan),WA,42827,12593,605,29629,32.2,19245,2,6196
instals Commercial,Baldivis (South Metropolitan),WA,81240,3985,167,77088,62.6,25992,1,141
instals Residential,Baldivis (South Metropolitan),WA,81240,3985,167,77088,62.6,25992,1,16264
instals Commercial,Ballina,NSW,127571,22797,1158,103616,56.1,36833,5,950
instals Residential,Ballina,NSW,127571,22797,1158,103616,56.1,36833,5,20662
instals Commercial,Balmain,NSW,20278,4522,150,15606,14.4,22674,1,142
instals Residential,Balmain,NSW,20278,4522,150,15606,14.4,22674,1,3261
instals Commercial,Bancroft,QLD,78746,9594,3939,65213,52.3,24387,9,370
instals Residential,Bancroft,QLD,78746,9594,3939,65213,52.3,24387,9,12757
instals Commercial,Bankstown,NSW,40222,9790,1806,28626,24.3,21474,3,323
instals Residential,Bankstown,NSW,40222,9790,1806,28626,24.3,21474,3,5226
instals Commercial,Barkly,NT,6688,2872,731,3085,11.1,4505,2,82
instals Residential,Barkly,NT,6688,2872,731,3085,11.1,4505,2,499
instals Commercial,Barron River,QLD,82063,14634,406,67023,49.1,22451,1,595
instals Residential,Barron River,QLD,82063,14634,406,67023,49.1,22451,1,11017
instals Commercial,Barwon,NSW,419375,32339,289509,97527,57.8,36258,9,1387
instals Residential,Barwon,NSW,419375,32339,289509,97527,57.8,36258,9,20946
instals Commercial,Bass (Eastern Victoria),VIC,115971,18047,3370,94554,32.5,53949,9,588
instals Residential,Bass (Eastern Victoria),VIC,115971,18047,3370,94554,32.5,53949,9,17525
instals Commercial,Bass (Launceston),TAS,18503,4440,0,14063,19.9,13931,0,115
instals Residential,Bass (Launceston),TAS,18503,4440,0,14063,19.9,13931,0,2779
instals Commercial,Bass (McIntyre),TAS,8013,1271,2000,4742,22,4826,1,40
instals Residential,Bass (McIntyre),TAS,8013,1271,2000,4742,22,4826,1,1060
instals Commercial,Bass (Rosevears),TAS,16861,2879,647,13335,23.5,11199,3,84
instals Residential,Bass (Rosevears),TAS,16861,2879,647,13335,23.5,11199,3,2636
instals Commercial,Bass (Windermere),TAS,32141,4861,8818,18462,21.4,17385,2,139
instals Residential,Bass (Windermere),TAS,32141,4861,8818,18462,21.4,17385,2,3728
instals Commercial,Bassendean (East Metropolitan),WA,38671,5034,439,33198,44.1,16765,3,130
instals Residential,Bassendean (East Metropolitan),WA,38671,5034,439,33198,44.1,16765,3,7396
instals Commercial,Bateman (South Metropolitan),WA,38405,5274,293,32838,46.4,14447,2,172
instals Residential,Bateman (South Metropolitan),WA,38405,5274,293,32838,46.4,14447,2,6710
instals Commercial,Bathurst,NSW,106011,19677,16604,69730,33.8,36055,12,755
instals Residential,Bathurst,NSW,106011,19677,16604,69730,33.8,36055,12,12173
instals Commercial,Baulkham Hills,NSW,76256,10578,1660,64018,39.4,26905,5,476
instals Residential,Baulkham Hills,NSW,76256,10578,1660,64018,39.4,26905,5,10589
instals Commercial,Bayswater (Eastern Metropolitan),VIC,47858,13571,2408,31879,25,26543,9,386
instals Residential,Bayswater (Eastern Metropolitan),VIC,47858,13571,2408,31879,25,26543,9,6644
instals Commercial,Bega,NSW,91251,13214,684,77353,38.4,41499,3,474
instals Residential,Bega,NSW,91251,13214,684,77353,38.4,41499,3,15922
instals Commercial,Bellarine (Western Victoria),VIC,70607,8928,3247,58432,29.8,39256,3,315
instals Residential,Bellarine (Western Victoria),VIC,70607,8928,3247,58432,29.8,39256,3,11714
instals Commercial,Belmont (East Metropolitan),WA,45523,9972,1383,34168,35.6,20352,5,260
instals Residential,Belmont (East Metropolitan),WA,45523,9972,1383,34168,35.6,20352,5,7241
instals Commercial,Benambra (Northern Victoria),VIC,93499,17286,5522,70691,43.4,30990,10,603
instals Residential,Benambra (Northern Victoria),VIC,93499,17286,5522,70691,43.4,30990,10,13456
instals Commercial,Bendigo East (Northern Victoria),VIC,82126,13529,16611,51986,34.7,30191,10,437
instals Residential,Bendigo East (Northern Victoria),VIC,82126,13529,16611,51986,34.7,30191,10,10474
instals Commercial,Bendigo West (Northern Victoria),VIC,64209,11208,2975,50026,35.7,30311,7,370
instals Residential,Bendigo West (Northern Victoria),VIC,64209,11208,2975,50026,35.7,30311,7,10810
instals Commercial,Bentleigh (Southern Metropolitan),VIC,31191,6083,760,24348,21.2,22437,3,195
instals Residential,Bentleigh (Southern Metropolitan),VIC,31191,6083,760,24348,21.2,22437,3,4765
instals Commercial,Bicton (South Metropolitan),WA,31571,3703,0,27868,36.8,15937,0,117
instals Residential,Bicton (South Metropolitan),WA,31571,3703,0,27868,36.8,15937,0,5865
instals Commercial,Black,SA,53066,9666,0,43400,62,14900,0,358
instals Residential,Black,SA,53066,9666,0,43400,62,14900,0,9239
instals Commercial,Blacktown,NSW,72932,14144,2112,56676,35.8,31184,5,401
instals Residential,Blacktown,NSW,72932,14144,2112,56676,35.8,31184,5,11151
instals Commercial,Blain,NT,10687,1119,0,9568,42.5,3732,0,25
instals Residential,Blain,NT,10687,1119,0,9568,42.5,3732,0,1587
instals Commercial,Blue Mountains,NSW,67670,8998,149,58523,35.8,32531,1,382
instals Residential,Blue Mountains,NSW,67670,8998,149,58523,35.8,32531,1,11636
instals Commercial,Bonney,QLD,50979,12031,1628,37320,44.9,16646,4,414
instals Residential,Bonney,QLD,50979,12031,1628,37320,44.9,16646,4,7469
instals Commercial,Box Hill (Eastern Metropolitan),VIC,29728,4324,0,25404,20.1,25688,0,143
instals Residential,Box Hill (Eastern Metropolitan),VIC,29728,4324,0,25404,20.1,25688,0,5160
instals Commercial,Braddon (Mersey),TAS,17474,3231,770,13473,18.6,14548,2,100
instals Residential,Braddon (Mersey),TAS,17474,3231,770,13473,18.6,14548,2,2700
instals Commercial,Braddon (Montgomery),TAS,18739,2992,0,15747,19.9,15507,0,99
instals Residential,Braddon (Montgomery),TAS,18739,2992,0,15747,19.9,15507,0,3084
instals Commercial,Braddon (Murchison),TAS,23107,4780,664,17663,17.4,19479,4,154
instals Residential,Braddon (Murchison),TAS,23107,4780,664,17663,17.4,19479,4,3389
instals Commercial,Bragg,SA,50717,11881,157,38679,48.5,14246,1,595
instals Residential,Bragg,SA,50717,11881,157,38679,48.5,14246,1,6915
instals Commercial,Braitling,NT,10543,2826,800,6917,30.4,4427,2,71
instals Residential,Braitling,NT,10543,2826,800,6917,30.4,4427,2,1347
instals Commercial,Brennan,NT,10470,790,408,9272,44.5,3425,1,17
instals Residential,Brennan,NT,10470,790,408,9272,44.5,3425,1,1523
instals Commercial,Brighton (Southern Metropolitan),VIC,23663,4335,0,19328,19.2,19159,0,186
instals Residential,Brighton (Southern Metropolitan),VIC,23663,4335,0,19328,19.2,19159,0,3685
instals Commercial,Brindabella,ACT,106771,6705,31961,68105,41,27043,4,279
instals Residential,Brindabella,ACT,106771,6705,31961,68105,41,27043,4,11076
instals Commercial,Broadmeadows (Northern Metropolitan),VIC,65033,20966,8537,35530,24.5,27564,17,563
instals Residential,Broadmeadows (Northern Metropolitan),VIC,65033,20966,8537,35530,24.5,27564,17,6765
instals Commercial,Broadwater,QLD,69890,12978,2031,54881,52.8,19523,3,630
instals Residential,Broadwater,QLD,69890,12978,2031,54881,52.8,19523,3,10316
instals Commercial,Brunswick (Northern Metropolitan),VIC,26374,6415,1348,18611,17.9,23802,4,212
instals Residential,Brunswick (Northern Metropolitan),VIC,26374,6415,1348,18611,17.9,23802,4,4258
instals Commercial,Buderim,QLD,71021,10055,3315,57651,64.9,18203,4,410
instals Residential,Buderim,QLD,71021,10055,3315,57651,64.9,18203,4,11822
instals Commercial,Bulimba,QLD,62227,13960,2608,45659,41.4,19621,6,515
instals Residential,Bulimba,QLD,62227,13960,2608,45659,41.4,19621,6,8113
instals Commercial,Bulleen (Eastern Metropolitan),VIC,32923,4290,498,28135,21.7,24970,2,171
instals Residential,Bulleen (Eastern Metropolitan),VIC,32923,4290,498,28135,21.7,24970,2,5429
instals Commercial,Bunbury (South West),WA,40037,5737,0,34300,39.8,19086,0,183
instals Residential,Bunbury (South West),WA,40037,5737,0,34300,39.8,19086,0,7593
instals Commercial,Bundaberg,QLD,74962,12032,2998,59932,58.3,21300,6,431
instals Residential,Bundaberg,QLD,74962,12032,2998,59932,58.3,21300,6,12424
instals Commercial,Bundamba,QLD,81742,8820,3638,69284,45.7,28040,7,310
instals Residential,Bundamba,QLD,81742,8820,3638,69284,45.7,28040,7,12815
instals Commercial,Bundoora (Northern Metropolitan),VIC,33372,4100,3093,26179,24.2,23138,5,130
instals Residential,Bundoora (Northern Metropolitan),VIC,33372,4100,3093,26179,24.2,23138,5,5590
instals Commercial,Buninyong (Western Victoria),VIC,58601,11202,1891,45508,29.7,29264,5,394
instals Residential,Buninyong (Western Victoria),VIC,58601,11202,1891,45508,29.7,29264,5,8703
instals Commercial,Burdekin,QLD,986071,27722,906035,52314,33.4,27749,16,945
instals Residential,Burdekin,QLD,986071,27722,906035,52314,33.4,27749,16,9262
instals Commercial,Burleigh,QLD,56484,9786,2413,44285,52.9,16418,3,396
instals Residential,Burleigh,QLD,56484,9786,2413,44285,52.9,16418,3,8686
instals Commercial,Burnett,QLD,152650,11166,75959,65525,55.5,24055,4,427
instals Residential,Burnett,QLD,152650,11166,75959,65525,55.5,24055,4,13353
instals Commercial,Burns Beach (North Metropolitan),WA,52439,2255,555,49629,60.4,17531,2,74
instals Residential,Burns Beach (North Metropolitan),WA,52439,2255,555,49629,60.4,17531,2,10581
instals Commercial,Burwood (Southern Metropolitan),VIC,30424,4471,1045,24908,20.9,24175,2,150
instals Residential,Burwood (Southern Metropolitan),VIC,30424,4471,1045,24908,20.9,24175,2,5051
instals Commercial,Butler (North Metropolitan),WA,79870,3272,612,75986,57.9,27645,3,97
instals Residential,Butler (North Metropolitan),WA,79870,3272,612,75986,57.9,27645,3,15999
instals Commercial,Cabramatta,NSW,51105,8890,395,41820,33.1,23763,2,321
instals Residential,Cabramatta,NSW,51105,8890,395,41820,33.1,23763,2,7865
instals Commercial,Cairns,QLD,72387,19629,5305,47453,44.2,18550,8,688
instals Residential,Cairns,QLD,72387,19629,5305,47453,44.2,18550,8,8205
instals Commercial,Callide,QLD,1573158,16023,1508318,48817,39.5,24759,12,556
instals Residential,Callide,QLD,1573158,16023,1508318,48817,39.5,24759,12,9789
instals Commercial,Caloundra,QLD,83898,10240,2205,71453,67.5,21075,6,411
instals Residential,Caloundra,QLD,83898,10240,2205,71453,67.5,21075,6,14230
instals Commercial,Camden,NSW,169694,29565,6602,133527,39.2,49568,13,1268
instals Residential,Camden,NSW,169694,29565,6602,133527,39.2,49568,13,19453
instals Commercial,Campbelltown,NSW,70009,8615,2138,59256,37.5,28881,3,352
instals Residential,Campbelltown,NSW,70009,8615,2138,59256,37.5,28881,3,10820
instals Commercial,Cannington (South Metropolitan),WA,47308,4545,3325,39438,45.9,19672,8,121
instals Residential,Cannington (South Metropolitan),WA,47308,4545,3325,39438,45.9,19672,8,9030
instals Commercial,Canterbury,NSW,30402,5276,1298,23828,20.4,21529,4,195
instals Residential,Canterbury,NSW,30402,5276,1298,23828,20.4,21529,4,4401
instals Commercial,Capalaba,QLD,64496,6979,872,56645,62.3,19731,3,299
instals Residential,Capalaba,QLD,64496,6979,872,56645,62.3,19731,3,12295
instals Commercial,Carine (North Metropolitan),WA,38911,1571,0,37340,50.5,15455,0,57
instals Residential,Carine (North Metropolitan),WA,38911,1571,0,37340,50.5,15455,0,7806
instals Commercial,Carrum (South-Eastern Metropolitan),VIC,59840,11768,4130,43942,29.7,31263,8,335
instals Residential,Carrum (South-Eastern Metropolitan),VIC,59840,11768,4130,43942,29.7,31263,8,9275
instals Commercial,Castle Hill,NSW,114325,21916,1976,90433,44.7,30921,5,991
instals Residential,Castle Hill,NSW,114325,21916,1976,90433,44.7,30921,5,13809
instals Commercial,Casuarina,NT,10043,1543,1739,6761,37.8,3072,3,32
instals Residential,Casuarina,NT,10043,1543,1739,6761,37.8,3072,3,1160
instals Commercial,Caulfield (Southern Metropolitan),VIC,21246,3810,428,17008,16.2,19449,2,158
instals Residential,Caulfield (Southern Metropolitan),VIC,21246,3810,428,17008,16.2,19449,2,3155
instals Commercial,Central Wheatbelt (Agricultural),WA,191333,8798,145785,36750,40.1,19692,6,350
instals Residential,Central Wheatbelt (Agricultural),WA,191333,8798,145785,36750,40.1,19692,6,7888
instals Commercial,Cessnock,NSW,106232,15365,6989,83878,39.6,35658,9,614
instals Residential,Cessnock,NSW,106232,15365,6989,83878,39.6,35658,9,14129
instals Commercial,Chaffey,SA,130086,20939,60794,48353,49.6,18547,71,773
instals Residential,Chaffey,SA,130086,20939,60794,48353,49.6,18547,71,9193
instals Commercial,Charlestown,NSW,60967,8424,2291,50252,30.9,29793,4,303
instals Residential,Charlestown,NSW,60967,8424,2291,50252,30.9,29793,4,9203
instals Commercial,Chatsworth,QLD,61163,10298,0,50865,52.2,18536,0,452
instals Residential,Chatsworth,QLD,61163,10298,0,50865,52.2,18536,0,9668
instals Commercial,Cheltenham,SA,52098,15226,1043,35829,41.8,16741,5,466
instals Residential,Cheltenham,SA,52098,15226,1043,35829,41.8,16741,5,6989
instals Commercial,Churchlands (North Metropolitan),WA,31935,3046,1617,27272,37.6,13977,5,112
instals Residential,Churchlands (North Metropolitan),WA,31935,3046,1617,27272,37.6,13977,5,5262
instals Commercial,Clarence,NSW,106730,17114,1100,88516,49.6,35347,4,643
instals Residential,Clarence,NSW,106730,17114,1100,88516,49.6,35347,4,17529
instals Commercial,Clarinda (South-Eastern Metropolitan),VIC,44783,12553,3830,28400,21.1,27292,7,335
instals Residential,Clarinda (South-Eastern Metropolitan),VIC,44783,12553,3830,28400,21.1,27292,7,5770
instals Commercial,Clayfield,QLD,61110,21362,7992,31756,40.2,13713,10,610
instals Residential,Clayfield,QLD,61110,21362,7992,31756,40.2,13713,10,5517
instals Commercial,Cockburn (South Metropolitan),WA,56369,6653,1218,48498,53.8,18846,3,194
instals Residential,Cockburn (South Metropolitan),WA,56369,6653,1218,48498,53.8,18846,3,10138
instals Commercial,Coffs Harbour,NSW,94033,15651,3762,74620,46.4,31908,9,520
instals Residential,Coffs Harbour,NSW,94033,15651,3762,74620,46.4,31908,9,14793
instals Commercial,Collie-Preston (South West),WA,52716,6126,230,46360,53.7,19254,1,223
instals Residential,Collie-Preston (South West),WA,52716,6126,230,46360,53.7,19254,1,10348
instals Commercial,Colton,SA,46336,6807,1737,37792,50.4,14349,3,323
instals Residential,Colton,SA,46336,6807,1737,37792,50.4,14349,3,7233
instals Commercial,Condamine,QLD,339151,16995,268416,53740,47.2,22030,5,703
instals Residential,Condamine,QLD,339151,16995,268416,53740,47.2,22030,5,10392
instals Commercial,Coogee,NSW,20614,3707,0,16907,21.6,13539,0,137
instals Residential,Coogee,NSW,20614,3707,0,16907,21.6,13539,0,2931
instals Commercial,Cook,QLD,74174,19742,20838,33594,26.6,22619,7,754
instals Residential,Cook,QLD,74174,19742,20838,33594,26.6,22619,7,6022
instals Commercial,Coomera,QLD,119149,18052,9144,91953,48.3,32174,15,745
instals Residential,Coomera,QLD,119149,18052,9144,91953,48.3,32174,15,15535
instals Commercial,Cooper,QLD,53925,8878,1051,43996,47.5,16931,2,371
instals Residential,Cooper,QLD,53925,8878,1051,43996,47.5,16931,2,8038
instals Commercial,Cootamundra,NSW,692612,23669,594681,74262,38.4,35007,14,945
instals Residential,Cootamundra,NSW,692612,23669,594681,74262,38.4,35007,14,13442
instals Commercial,Cottesloe (North Metropolitan),WA,33173,4371,1543,27259,37.3,13911,5,192
instals Residential,Cottesloe (North Metropolitan),WA,33173,4371,1543,27259,37.3,13911,5,5188
instals Commercial,Cranbourne (South-Eastern Metropolitan),VIC,131342,9845,537,120960,41.9,52438,2,313
instals Residential,Cranbourne (South-Eastern Metropolitan),VIC,131342,9845,537,120960,41.9,52438,2,21958
instals Commercial,Cronulla,NSW,44476,8541,1197,34738,25.1,22053,3,335
instals Residential,Cronulla,NSW,44476,8541,1197,34738,25.1,22053,3,5546
instals Commercial,Croydon,SA,54924,15960,5989,32975,42.9,15356,10,467
instals Residential,Croydon,SA,54924,15960,5989,32975,42.9,15356,10,6592
instals Commercial,Croydon (Eastern Metropolitan),VIC,36646,5318,1450,29878,24.8,24857,4,175
instals Residential,Croydon (Eastern Metropolitan),VIC,36646,5318,1450,29878,24.8,24857,4,6163
instals Commercial,Currumbin,QLD,51577,9023,886,41668,55.4,15114,2,385
instals Residential,Currumbin,QLD,51577,9023,886,41668,55.4,15114,2,8369
instals Commercial,Daly,NT,35912,3977,26071,5864,16.7,5228,3,103
instals Residential,Daly,NT,35912,3977,26071,5864,16.7,5228,3,875
instals Commercial,Dandenong (South-Eastern Metropolitan),VIC,70237,29055,10094,31088,24.2,26371,23,660
instals Residential,Dandenong (South-Eastern Metropolitan),VIC,70237,29055,10094,31088,24.2,26371,23,6371
instals Commercial,Darling Range (East Metropolitan),WA,73009,7515,200,65294,62.3,20792,1,280
instals Residential,Darling Range (East Metropolitan),WA,73009,7515,200,65294,62.3,20792,1,12951
instals Commercial,Davenport,SA,42996,3351,2893,36752,59.5,13198,2,152
instals Residential,Davenport,SA,42996,3351,2893,36752,59.5,13198,2,7849
instals Commercial,Davidson,NSW,56838,9674,237,46927,30.7,23326,1,422
instals Residential,Davidson,NSW,56838,9674,237,46927,30.7,23326,1,7152
instals Commercial,Dawesville (South West),WA,57934,3691,0,54243,54.9,22934,0,127
instals Residential,Dawesville (South West),WA,57934,3691,0,54243,54.9,22934,0,12589
instals Commercial,Denison (Derwent),TAS,5862,269,0,5593,21.4,5817,0,8
instals Residential,Denison (Derwent),TAS,5862,269,0,5593,21.4,5817,0,1243
instals Commercial,Denison (Elwick),TAS,12902,2419,0,10483,16.5,14252,0,73
instals Residential,Denison (Elwick),TAS,12902,2419,0,10483,16.5,14252,0,2352
instals Commercial,Denison (Hobart),TAS,15478,3690,0,11788,20.2,12874,0,122
instals Residential,Denison (Hobart),TAS,15478,3690,0,11788,20.2,12874,0,2602
instals Commercial,Denison (Nelson),TAS,10218,1106,0,9112,21.3,8724,0,53
instals Residential,Denison (Nelson),TAS,10218,1106,0,9112,21.3,8724,0,1859
instals Commercial,Drummoyne,NSW,27674,5334,599,21741,21.3,16950,2,189
instals Residential,Drummoyne,NSW,27674,5334,599,21741,21.3,16950,2,3617
instals Commercial,Drysdale,NT,9568,1232,2579,5757,37.6,2610,5,29
instals Residential,Drysdale,NT,9568,1232,2579,5757,37.6,2610,5,981
instals Commercial,Dubbo,NSW,1076357,26502,965986,83869,49.5,34522,17,1066
instals Residential,Dubbo,NSW,1076357,26502,965986,83869,49.5,34522,17,17100
instals Commercial,Dunstan,SA,47239,14027,592,32620,43,14445,3,601
instals Residential,Dunstan,SA,47239,14027,592,32620,43,14445,3,6205
instals Commercial,East Hills,NSW,56594,14442,1705,40447,25.6,27460,6,464
instals Residential,East Hills,NSW,56594,14442,1705,40447,25.6,27460,6,7035
instals Commercial,Eildon (Northern Victoria),VIC,83100,17509,10408,55183,34.1,31782,4,671
instals Residential,Eildon (Northern Victoria),VIC,83100,17509,10408,55183,34.1,31782,4,10839
instals Commercial,Elder,SA,49308,8859,2769,37680,50.7,14537,3,358
instals Residential,Elder,SA,49308,8859,2769,37680,50.7,14537,3,7376
instals Commercial,Elizabeth,SA,55972,6580,8117,41275,46.6,18002,7,210
instals Residential,Elizabeth,SA,55972,6580,8117,41275,46.6,18002,7,8380
instals Commercial,Eltham (Eastern Metropolitan),VIC,33676,3997,458,29221,25.6,22133,3,150
instals Residential,Eltham (Eastern Metropolitan),VIC,33676,3997,458,29221,25.6,22133,3,5657
instals Commercial,Enfield,SA,53363,8482,2275,42606,45.4,18710,5,320
instals Residential,Enfield,SA,53363,8482,2275,42606,45.4,18710,5,8494
instals Commercial,Epping,NSW,52955,6305,0,46650,33.4,23729,0,295
instals Residential,Epping,NSW,52955,6305,0,46650,33.4,23729,0,7933
instals Commercial,Essendon (Western Metropolitan),VIC,22840,4329,242,18269,18.2,20761,1,155
instals Residential,Essendon (Western Metropolitan),VIC,22840,4329,242,18269,18.2,20761,1,3786
instals Commercial,Euroa (Northern Victoria),VIC,526648,19452,438029,69167,38.8,35818,15,680
instals Residential,Euroa (Northern Victoria),VIC,526648,19452,438029,69167,38.8,35818,15,13891
instals Commercial,Evelyn (Eastern Victoria),VIC,44926,9605,400,34921,29.1,23978,1,328
instals Residential,Evelyn (Eastern Victoria),VIC,44926,9605,400,34921,29.1,23978,1,6973
instals Commercial,Everton,QLD,64374,7310,1069,55995,54.7,19448,4,305
instals Residential,Everton,QLD,64374,7310,1069,55995,54.7,19448,4,10639
instals Commercial,Fairfield,NSW,53525,16670,2015,34840,27.2,24679,5,463
instals Residential,Fairfield,NSW,53525,16670,2015,34840,27.2,24679,5,6710
instals Commercial,Fannie Bay,NT,8056,3315,0,4741,29.2,2571,0,74
instals Residential,Fannie Bay,NT,8056,3315,0,4741,29.2,2571,0,750
instals Commercial,Ferntree Gully (Eastern Metropolitan),VIC,42733,5529,2623,34581,30.3,23123,4,179
instals Residential,Ferntree Gully (Eastern Metropolitan),VIC,42733,5529,2623,34581,30.3,23123,4,7017
instals Commercial,Ferny Grove,QLD,54709,5443,713,48553,51.6,18408,3,234
instals Residential,Ferny Grove,QLD,54709,5443,713,48553,51.6,18408,3,9492
instals Commercial,Finniss,SA,65076,9766,412,54898,58.5,21308,2,393
instals Residential,Finniss,SA,65076,9766,412,54898,58.5,21308,2,12475
instals Commercial,Flinders,SA,53838,11101,4623,38114,44,17164,7,435
instals Residential,Flinders,SA,53838,11101,4623,38114,44,17164,7,7560
instals Commercial,Florey,SA,44998,4811,173,40014,56.8,15546,1,166
instals Residential,Florey,SA,44998,4811,173,40014,56.8,15546,1,8828
instals Commercial,Fong Lim,NT,6578,2802,729,3047,26,1778,2,63
instals Residential,Fong Lim,NT,6578,2802,729,3047,26,1778,2,462
instals Commercial,Footscray (Western Metropolitan),VIC,38333,12792,1758,23783,18.7,28752,5,355
instals Residential,Footscray (Western Metropolitan),VIC,38333,12792,1758,23783,18.7,28752,5,5381
instals Commercial,Forest Hill (Eastern Metropolitan),VIC,36035,4728,1211,30096,27,23252,2,134
instals Residential,Forest Hill (Eastern Metropolitan),VIC,36035,4728,1211,30096,27,23252,2,6289
instals Commercial,Forrestfield (East Metropolitan),WA,45720,5195,1648,38877,52,17289,4,135
instals Residential,Forrestfield (East Metropolitan),WA,45720,5195,1648,38877,52,17289,4,8994
instals Commercial,Franklin (Huon),TAS,26736,3530,0,23206,28,17498,0,114
instals Residential,Franklin (Huon),TAS,26736,3530,0,23206,28,17498,0,4901
instals Commercial,Franklin (Nelson),TAS,8477,670,279,7528,22.4,6827,2,22
instals Residential,Franklin (Nelson),TAS,8477,670,279,7528,22.4,6827,2,1527
instals Commercial,Franklin (Pembroke),TAS,16626,1786,280,14560,20.2,14559,1,60
instals Residential,Franklin (Pembroke),TAS,16626,1786,280,14560,20.2,14559,1,2945
instals Commercial,Franklin (Rumney),TAS,22145,2871,601,18673,26,14011,2,103
instals Residential,Franklin (Rumney),TAS,22145,2871,601,18673,26,14011,2,3637
instals Commercial,Frankston (South-Eastern Metropolitan),VIC,37069,4368,3898,28803,23,26664,6,142
instals Residential,Frankston (South-Eastern Metropolitan),VIC,37069,4368,3898,28803,23,26664,6,6126
instals Commercial,Fremantle (South Metropolitan),WA,40538,7173,928,32437,39.4,18801,4,207
instals Residential,Fremantle (South Metropolitan),WA,40538,7173,928,32437,39.4,18801,4,7398
instals Commercial,Frome,SA,72183,11290,23172,37721,50,15333,8,425
instals Residential,Frome,SA,72183,11290,23172,37721,50,15333,8,7672
instals Commercial,Gaven,QLD,66869,9899,2391,54579,59.1,17756,9,450
instals Residential,Gaven,QLD,66869,9899,2391,54579,59.1,17756,9,10494
instals Commercial,Geelong (Western Victoria),VIC,43668,11437,849,31382,23.1,29619,2,323
instals Residential,Geelong (Western Victoria),VIC,43668,11437,849,31382,23.1,29619,2,6847
instals Commercial,Gembrook (Eastern Victoria),VIC,74803,9626,1318,63859,33.4,35102,5,346
instals Residential,Gembrook (Eastern Victoria),VIC,74803,9626,1318,63859,33.4,35102,5,11727
instals Commercial,Geraldton (Agricultural),WA,38515,5418,1868,31229,39.7,17158,3,175
instals Residential,Geraldton (Agricultural),WA,38515,5418,1868,31229,39.7,17158,3,6808
instals Commercial,Gibson,SA,44083,5129,1688,37266,44.1,17351,5,212
instals Residential,Gibson,SA,44083,5129,1688,37266,44.1,17351,5,7652
instals Commercial,Giles,SA,195754,9420,154227,32107,37,17623,6,337
instals Residential,Giles,SA,195754,9420,154227,32107,37,17623,6,6520
instals Commercial,Ginninderra,ACT,75614,6181,1671,67762,37.8,29999,3,268
instals Residential,Ginninderra,ACT,75614,6181,1671,67762,37.8,29999,3,11330
instals Commercial,Gippsland East (Eastern Victoria),VIC,77184,16510,1678,58996,35.9,33934,5,537
instals Residential,Gippsland East (Eastern Victoria),VIC,77184,16510,1678,58996,35.9,33934,5,12197
instals Commercial,Gippsland South (Eastern Victoria),VIC,72562,17889,1574,53099,32.6,34583,5,629
instals Residential,Gippsland South (Eastern Victoria),VIC,72562,17889,1574,53099,32.6,34583,5,11281
instals Commercial,Girrawheen (North Metropolitan),WA,50858,5768,969,44121,56.2,17139,5,169
instals Residential,Girrawheen (North Metropolitan),WA,50858,5768,969,44121,56.2,17139,5,9636
instals Commercial,Gladstone,QLD,64275,9049,1084,54142,50,20247,2,341
instals Residential,Gladstone,QLD,64275,9049,1084,54142,50,20247,2,10120
instals Commercial,Glass House,QLD,95802,15721,0,80081,70.6,21813,0,745
instals Residential,Glass House,QLD,95802,15721,0,80081,70.6,21813,0,15403
instals Commercial,Gosford,NSW,64926,11890,4839,48197,28.3,31699,10,409
instals Residential,Gosford,NSW,64926,11890,4839,48197,28.3,31699,10,8958
instals Commercial,Goulburn,NSW,112883,22884,3807,86192,37.1,39358,4,978
instals Residential,Goulburn,NSW,112883,22884,3807,86192,37.1,39358,4,14612
instals Commercial,Goyder,NT,25248,2628,12505,10115,31.7,4544,1,82
instals Residential,Goyder,NT,25248,2628,12505,10115,31.7,4544,1,1442
instals Commercial,Granville,NSW,42544,9753,2435,30356,24.2,22178,4,327
instals Residential,Granville,NSW,42544,9753,2435,30356,24.2,22178,4,5365
instals Commercial,Greenslopes,QLD,42769,6657,0,36112,42.8,15715,0,279
instals Residential,Greenslopes,QLD,42769,6657,0,36112,42.8,15715,0,6728
instals Commercial,Gregory,QLD,325098,18376,270042,36680,30.2,20741,11,697
instals Residential,Gregory,QLD,325098,18376,270042,36680,30.2,20741,11,6261
instals Commercial,Gympie,QLD,310586,14726,215775,80085,63.9,25258,4,620
instals Residential,Gympie,QLD,310586,14726,215775,80085,63.9,25258,4,16138
instals Commercial,Hammond,SA,430470,15222,360798,54450,52.6,20786,21,563
instals Residential,Hammond,SA,430470,15222,360798,54450,52.6,20786,21,10938
instals Commercial,Hartley,SA,47858,7702,174,39982,48.6,15742,1,348
instals Residential,Hartley,SA,47858,7702,174,39982,48.6,15742,1,7653
instals Commercial,Hastings (Eastern Victoria),VIC,59690,9489,1954,48247,33.1,28986,5,364
instals Residential,Hastings (Eastern Victoria),VIC,59690,9489,1954,48247,33.1,28986,5,9598
instals Commercial,Hawkesbury,NSW,119977,37064,2541,80372,36.4,33019,6,1582
instals Residential,Hawkesbury,NSW,119977,37064,2541,80372,36.4,33019,6,12009
instals Commercial,Hawthorn (Southern Metropolitan),VIC,21194,4436,349,16409,18.3,17080,1,165
instals Residential,Hawthorn (Southern Metropolitan),VIC,21194,4436,349,16409,18.3,17080,1,3127
instals Commercial,Heathcote,NSW,55443,6289,731,48423,34.4,23675,3,277
instals Residential,Heathcote,NSW,55443,6289,731,48423,34.4,23675,3,8142
instals Commercial,Heffron,NSW,29804,11718,3648,14438,17.8,14795,10,288
instals Residential,Heffron,NSW,29804,11718,3648,14438,17.8,14795,10,2639
instals Commercial,Hervey Bay,QLD,89031,9312,2401,77318,61.2,26248,6,352
instals Residential,Hervey Bay,QLD,89031,9312,2401,77318,61.2,26248,6,16060
instals Commercial,Heysen,SA,63403,15546,428,47429,58.6,14841,2,736
instals Residential,Heysen,SA,63403,15546,428,47429,58.6,14841,2,8698
instals Commercial,Hill,QLD,73822,22566,332,50924,33.4,27747,2,890
instals Residential,Hill,QLD,73822,22566,332,50924,33.4,27747,2,9281
instals Commercial,Hillarys (North Metropolitan),WA,38524,1263,275,36986,52.9,15271,1,47
instals Residential,Hillarys (North Metropolitan),WA,38524,1263,275,36986,52.9,15271,1,8084
instals Commercial,Hinchinbrook,QLD,84495,13285,1807,69403,52.6,22926,6,513
instals Residential,Hinchinbrook,QLD,84495,13285,1807,69403,52.6,22926,6,12065
instals Commercial,Holsworthy,NSW,84290,17157,11348,55785,35.7,28047,19,494
instals Residential,Holsworthy,NSW,84290,17157,11348,55785,35.7,28047,19,10009
instals Commercial,Hornsby,NSW,59938,11982,2029,45927,31.8,24339,4,486
instals Residential,Hornsby,NSW,59938,11982,2029,45927,31.8,24339,4,7728
instals Commercial,Hurtle Vale,SA,40830,3413,350,37067,54.6,15246,2,117
instals Residential,Hurtle Vale,SA,40830,3413,350,37067,54.6,15246,2,8318
instals Commercial,Inala,QLD,66603,8956,6975,50672,45,23438,9,247
instals Residential,Inala,QLD,66603,8956,6975,50672,45,23438,9,10557
instals Commercial,Ipswich,QLD,58530,7272,1828,49430,49.7,20286,5,273
instals Residential,Ipswich,QLD,58530,7272,1828,49430,49.7,20286,5,10081
instals Commercial,Ipswich West,QLD,69767,8527,2240,59000,55.6,20890,2,367
instals Residential,Ipswich West,QLD,69767,8527,2240,59000,55.6,20890,2,11619
instals Commercial,Ivanhoe (Eastern Metropolitan),VIC,32396,5853,1347,25196,20.1,25807,5,210
instals Residential,Ivanhoe (Eastern Metropolitan),VIC,32396,5853,1347,25196,20.1,25807,5,5186
instals Commercial,Jandakot (South Metropolitan),WA,63477,5338,2116,56023,61.5,19305,5,160
instals Residential,Jandakot (South Metropolitan),WA,63477,5338,2116,56023,61.5,19305,5,11875
instals Commercial,Johnston,NT,7364,1368,0,5996,37.8,2724,0,29
instals Residential,Johnston,NT,7364,1368,0,5996,37.8,2724,0,1029
instals Commercial,Joondalup (North Metropolitan),WA,42820,3028,375,39417,56.8,15159,1,95
instals Residential,Joondalup (North Metropolitan),WA,42820,3028,375,39417,56.8,15159,1,8611
instals Commercial,Jordan,QLD,104478,14485,3660,86333,61.6,24375,9,644
instals Residential,Jordan,QLD,104478,14485,3660,86333,61.6,24375,9,15014
instals Commercial,Kalamunda (East Metropolitan),WA,43782,4466,1120,38196,56.4,14420,2,178
instals Residential,Kalamunda (East Metropolitan),WA,43782,4466,1120,38196,56.4,14420,2,8130
instals Commercial,Kalgoorlie (Mining and Pastoral),WA,66239,6103,41671,18465,22.8,16482,15,182
instals Residential,Kalgoorlie (Mining and Pastoral),WA,66239,6103,41671,18465,22.8,16482,15,3757
instals Commercial,Karama,NT,6668,914,215,5539,34.8,2739,1,20
instals Residential,Karama,NT,6668,914,215,5539,34.8,2739,1,953
instals Commercial,Katherine,NT,42999,3737,34031,5231,21.7,4167,2,88
instals Residential,Katherine,NT,42999,3737,34031,5231,21.7,4167,2,903
instals Commercial,Kaurna,SA,53706,5350,269,48087,59.6,16289,2,210
instals Residential,Kaurna,SA,53706,5350,269,48087,59.6,16289,2,9708
instals Commercial,Kavel,SA,74081,17616,2821,53644,55.8,17010,8,698
instals Residential,Kavel,SA,74081,17616,2821,53644,55.8,17010,8,9486
instals Commercial,Kawana,QLD,80886,11675,924,68287,63.3,22158,2,456
instals Residential,Kawana,QLD,80886,11675,924,68287,63.3,22158,2,14018
instals Commercial,Keira,NSW,59078,8778,450,49850,31,29250,2,302
instals Residential,Keira,NSW,59078,8778,450,49850,31,29250,2,9070
instals Commercial,Keppel,QLD,66056,7588,1513,56955,49.2,22763,5,300
instals Residential,Keppel,QLD,66056,7588,1513,56955,49.2,22763,5,11205
instals Commercial,Kew (Southern Metropolitan),VIC,28060,5017,1108,21935,19,21344,2,188
instals Residential,Kew (Southern Metropolitan),VIC,28060,5017,1108,21935,19,21344,2,4046
instals Commercial,Keysborough (South-Eastern Metropolitan),VIC,53368,8779,3885,40704,31.5,25771,12,221
instals Residential,Keysborough (South-Eastern Metropolitan),VIC,53368,8779,3885,40704,31.5,25771,12,8108
instals Commercial,Kiama,NSW,95878,14759,5475,75644,38.6,34896,8,544
instals Residential,Kiama,NSW,95878,14759,5475,75644,38.6,34896,8,13479
instals Commercial,Kimberley (Mining and Pastoral),WA,22871,14005,1540,7326,6.5,18199,4,445
instals Residential,Kimberley (Mining and Pastoral),WA,22871,14005,1540,7326,6.5,18199,4,1179
instals Commercial,King,SA,46559,5703,1001,39855,55.3,15050,1,224
instals Residential,King,SA,46559,5703,1001,39855,55.3,15050,1,8324
instals Commercial,Kingsley (North Metropolitan),WA,39251,868,186,38197,60.8,14434,1,35
instals Residential,Kingsley (North Metropolitan),WA,39251,868,186,38197,60.8,14434,1,8779
instals Commercial,Kogarah,NSW,29370,5398,553,23419,22.3,18759,2,197
instals Residential,Kogarah,NSW,29370,5398,553,23419,22.3,18759,2,4190
instals Commercial,Kororoit (Western Metropolitan),VIC,66889,8358,7933,50598,35,29496,16,227
instals Residential,Kororoit (Western Metropolitan),VIC,66889,8358,7933,50598,35,29496,16,10335
instals Commercial,Ku-ring-gai,NSW,44646,7821,1515,35310,26.6,20434,7,341
instals Residential,Ku-ring-gai,NSW,44646,7821,1515,35310,26.6,20434,7,5440
instals Commercial,Kurrajong,ACT,76372,28116,7271,40985,27.8,24615,16,767
instals Residential,Kurrajong,ACT,76372,28116,7271,40985,27.8,24615,16,6837
instals Commercial,Kurwongbah,QLD,88436,12469,1370,74597,64.1,22459,4,458
instals Residential,Kurwongbah,QLD,88436,12469,1370,74597,64.1,22459,4,14387
instals Commercial,Kwinana (South Metropolitan),WA,59398,6743,2218,50437,56.6,19142,9,187
instals Residential,Kwinana (South Metropolitan),WA,59398,6743,2218,50437,56.6,19142,9,10838
instals Commercial,Lake Macquarie,NSW,88037,11400,727,75910,40.3,34250,4,437
instals Residential,Lake Macquarie,NSW,88037,11400,727,75910,40.3,34250,4,13807
instals Commercial,Lakemba,NSW,41010,10007,3965,27038,22.4,21736,5,309
instals Residential,Lakemba,NSW,41010,10007,3965,27038,22.4,21736,5,4872
instals Commercial,Lane Cove,NSW,41469,9135,2206,30128,25.4,19308,7,323
instals Residential,Lane Cove,NSW,41469,9135,2206,30128,25.4,19308,7,4911
instals Commercial,Lara (Western Victoria),VIC,49072,10348,2563,36161,26.3,29806,6,294
instals Residential,Lara (Western Victoria),VIC,49072,10348,2563,36161,26.3,29806,6,7825
instals Commercial,Lee,SA,43217,6412,351,36454,46.9,15787,2,263
instals Residential,Lee,SA,43217,6412,351,36454,46.9,15787,2,7401
instals Commercial,Light,SA,64670,8908,2545,53217,55.3,17587,5,388
instals Residential,Light,SA,64670,8908,2545,53217,55.3,17587,5,9732
instals Commercial,Lismore,NSW,111829,18206,786,92837,55.3,34209,2,759
instals Residential,Lismore,NSW,111829,18206,786,92837,55.3,34209,2,18906
instals Commercial,Liverpool,NSW,55942,7119,1427,47396,36.2,23240,4,275
instals Residential,Liverpool,NSW,55942,7119,1427,47396,36.2,23240,4,8416
instals Commercial,Lockyer,QLD,97840,18921,3728,75191,66.4,21389,2,778
instals Residential,Lockyer,QLD,97840,18921,3728,75191,66.4,21389,2,14202
instals Commercial,Logan,QLD,107904,18102,881,88921,64.5,24432,3,833
instals Residential,Logan,QLD,107904,18102,881,88921,64.5,24432,3,15749
instals Commercial,Londonderry,NSW,96419,16889,6231,73299,32.1,38661,14,567
instals Residential,Londonderry,NSW,96419,16889,6231,73299,32.1,38661,14,12420
instals Commercial,Lowan (Western Victoria),VIC,55684,13384,881,41419,29,29279,4,451
instals Residential,Lowan (Western Victoria),VIC,55684,13384,881,41419,29,29279,4,8480
instals Commercial,Lyons (Derwent),TAS,14357,2074,320,11963,19.3,12515,1,67
instals Residential,Lyons (Derwent),TAS,14357,2074,320,11963,19.3,12515,1,2411
instals Commercial,Lyons (Launceston),TAS,1254,277,247,730,28.4,499,1,8
instals Residential,Lyons (Launceston),TAS,1254,277,247,730,28.4,499,1,142
instals Commercial,Lyons (McIntyre),TAS,23554,5603,0,17951,24,15291,0,160
instals Residential,Lyons (McIntyre),TAS,23554,5603,0,17951,24,15291,0,3668
instals Commercial,Lyons (Mersey),TAS,4973,727,0,4246,22.7,3604,0,21
instals Residential,Lyons (Mersey),TAS,4973,727,0,4246,22.7,3604,0,816
instals Commercial,Lyons (Montgomery),TAS,4265,835,227,3203,23.6,2859,1,27
instals Residential,Lyons (Montgomery),TAS,4265,835,227,3203,23.6,2859,1,674
instals Commercial,Lyons (Prosser),TAS,22697,2653,0,20044,20.4,20593,0,95
instals Residential,Lyons (Prosser),TAS,22697,2653,0,20044,20.4,20593,0,4195
instals Commercial,Lyons (Rosevears),TAS,8782,741,0,8041,32,5277,0,32
instals Residential,Lyons (Rosevears),TAS,8782,741,0,8041,32,5277,0,1690
instals Commercial,Lyons (Rumney),TAS,1600,61,0,1539,20,1504,0,3
instals Residential,Lyons (Rumney),TAS,1600,61,0,1539,20,1504,0,301
instals Commercial,Lytton,QLD,64749,11632,2293,50824,50.5,20844,6,351
instals Residential,Lytton,QLD,64749,11632,2293,50824,50.5,20844,6,10521
instals Commercial,Macalister,QLD,95148,19874,3138,72136,52.2,25706,5,688
instals Residential,Macalister,QLD,95148,19874,3138,72136,52.2,25706,5,13431
instals Commercial,Macedon (Northern Victoria),VIC,74890,13153,2955,58782,37.7,29658,4,537
instals Residential,Macedon (Northern Victoria),VIC,74890,13153,2955,58782,37.7,29658,4,11186
instals Commercial,Mackay,QLD,75779,15882,1224,58673,42.2,23407,5,490
instals Residential,Mackay,QLD,75779,15882,1224,58673,42.2,23407,5,9888
instals Commercial,Mackillop,SA,61491,11750,11196,38545,39,18437,5,463
instals Residential,Mackillop,SA,61491,11750,11196,38545,39,18437,5,7198
instals Commercial,Macquarie Fields,NSW,121169,23439,5733,91997,39.1,40186,12,755
instals Residential,Macquarie Fields,NSW,121169,23439,5733,91997,39.1,40186,12,15722
instals Commercial,Maitland,NSW,115032,22529,4912,87591,40.2,35779,6,803
instals Residential,Maitland,NSW,115032,22529,4912,87591,40.2,35779,6,14385
instals Commercial,Maiwar,QLD,39842,8280,749,30813,45.2,12053,2,341
instals Residential,Maiwar,QLD,39842,8280,749,30813,45.2,12053,2,5451
instals Commercial,Malvern (Southern Metropolitan),VIC,21220,4241,2231,14748,16.1,17278,3,165
instals Residential,Malvern (Southern Metropolitan),VIC,21220,4241,2231,14748,16.1,17278,3,2776
instals Commercial,Mandurah (South West),WA,58269,3456,1682,53131,55.6,22149,7,120
instals Residential,Mandurah (South West),WA,58269,3456,1682,53131,55.6,22149,7,12315
instals Commercial,Manly,NSW,36805,6279,0,30526,28.9,17318,0,258
instals Residential,Manly,NSW,36805,6279,0,30526,28.9,17318,0,5006
instals Commercial,Mansfield,QLD,54990,7711,2927,44352,49.6,17926,9,307
instals Residential,Mansfield,QLD,54990,7711,2927,44352,49.6,17926,9,8900
instals Commercial,Maroochydore,QLD,55718,8051,2800,44867,52,17680,3,304
instals Residential,Maroochydore,QLD,55718,8051,2800,44867,52,17680,3,9201
instals Commercial,Maroubra,NSW,36539,9010,424,27105,23.3,19626,2,260
instals Residential,Maroubra,NSW,36539,9010,424,27105,23.3,19626,2,4575
instals Commercial,Maryborough,QLD,173761,9388,96366,68007,56.6,24837,4,363
instals Residential,Maryborough,QLD,173761,9388,96366,68007,56.6,24837,4,14064
instals Commercial,Mawson,SA,70313,12856,3698,53759,55.5,20276,5,513
instals Residential,Mawson,SA,70313,12856,3698,53759,55.5,20276,5,11244
instals Commercial,Maylands (East Metropolitan),WA,32424,5098,0,27326,33,17819,0,159
instals Residential,Maylands (East Metropolitan),WA,32424,5098,0,27326,33,17819,0,5881
instals Commercial,McConnel,QLD,20499,10720,1010,8769,32.5,4898,3,315
instals Residential,McConnel,QLD,20499,10720,1010,8769,32.5,4898,3,1591
instals Commercial,Melbourne (Northern Metropolitan),VIC,18584,9225,2270,7089,11.8,14393,11,229
instals Residential,Melbourne (Northern Metropolitan),VIC,18584,9225,2270,7089,11.8,14393,11,1699
instals Commercial,Melton (Western Victoria),VIC,80472,7794,1520,71158,33.1,40971,3,286
instals Residential,Melton (Western Victoria),VIC,80472,7794,1520,71158,33.1,40971,3,13572
instals Commercial,Mermaid Beach,QLD,55176,10398,449,44329,48.2,17493,2,437
instals Residential,Mermaid Beach,QLD,55176,10398,449,44329,48.2,17493,2,8425
instals Commercial,Midland (East Metropolitan),WA,62671,7968,949,53754,50.2,21958,3,261
instals Residential,Midland (East Metropolitan),WA,62671,7968,949,53754,50.2,21958,3,11026
instals Commercial,Mildura (Northern Victoria),VIC,814536,37019,722095,55422,33.1,29573,28,1159
instals Residential,Mildura (Northern Victoria),VIC,814536,37019,722095,55422,33.1,29573,28,9789
instals Commercial,Mill Park (Northern Metropolitan),VIC,49725,6619,961,42145,30.8,26836,5,197
instals Residential,Mill Park (Northern Metropolitan),VIC,49725,6619,961,42145,30.8,26836,5,8257
instals Commercial,Miller,QLD,50719,7895,5607,37217,42.4,16579,7,313
instals Residential,Miller,QLD,50719,7895,5607,37217,42.4,16579,7,7036
instals Commercial,Miranda,NSW,46992,6198,690,40104,27,24030,2,276
instals Residential,Miranda,NSW,46992,6198,690,40104,27,24030,2,6488
instals Commercial,Mirani,QLD,66652,10931,146,55575,45.7,21702,1,377
instals Residential,Mirani,QLD,66652,10931,146,55575,45.7,21702,1,9912
instals Commercial,Mirrabooka (East Metropolitan),WA,27954,1407,0,26547,32,19197,0,40
instals Residential,Mirrabooka (East Metropolitan),WA,27954,1407,0,26547,32,19197,0,6144
instals Commercial,Moggill,QLD,76325,11196,0,65129,62.5,18459,0,601
instals Residential,Moggill,QLD,76325,11196,0,65129,62.5,18459,0,11532
instals Commercial,Monaro,NSW,99426,21430,626,77370,36.8,34116,3,900
instals Residential,Monaro,NSW,99426,21430,626,77370,36.8,34116,3,12566
instals Commercial,Monbulk (Eastern Victoria),VIC,37194,6788,0,30406,26.9,22295,0,248
instals Residential,Monbulk (Eastern Victoria),VIC,37194,6788,0,30406,26.9,22295,0,6006
instals Commercial,Moore (Agricultural),WA,87126,13762,26044,47320,44.7,21690,6,433
instals Residential,Moore (Agricultural),WA,87126,13762,26044,47320,44.7,21690,6,9695
instals Commercial,Morayfield,QLD,82598,11205,1455,69938,53.7,24873,4,449
instals Residential,Morayfield,QLD,82598,11205,1455,69938,53.7,24873,4,13366
instals Commercial,Mordialloc (South-Eastern Metropolitan),VIC,43211,11156,2746,29309,25.7,22624,9,300
instals Residential,Mordialloc (South-Eastern Metropolitan),VIC,43211,11156,2746,29309,25.7,22624,9,5805
instals Commercial,Morialta,SA,54686,12359,199,42128,55.8,14211,1,532
instals Residential,Morialta,SA,54686,12359,199,42128,55.8,14211,1,7934
instals Commercial,Morley (East Metropolitan),WA,30214,2745,0,27469,33.7,17895,0,73
instals Residential,Morley (East Metropolitan),WA,30214,2745,0,27469,33.7,17895,0,6029
instals Commercial,Mornington (Eastern Victoria),VIC,51040,8682,0,42358,30.1,27090,0,370
instals Residential,Mornington (Eastern Victoria),VIC,51040,8682,0,42358,30.1,27090,0,8167
instals Commercial,Morphett,SA,41265,7208,854,33203,43.1,15292,3,288
instals Residential,Morphett,SA,41265,7208,854,33203,43.1,15292,3,6592
instals Commercial,Morwell (Eastern Victoria),VIC,61991,14657,3423,43911,31.1,29137,10,466
instals Residential,Morwell (Eastern Victoria),VIC,61991,14657,3423,43911,31.1,29137,10,9050
instals Commercial,Mount Druitt,NSW,81916,17744,3121,61051,38.1,29439,10,455
instals Residential,Mount Druitt,NSW,81916,17744,3121,61051,38.1,29439,10,11230
instals Commercial,Mount Gambier,SA,37816,9786,1201,26829,32.1,15515,3,338
instals Residential,Mount Gambier,SA,37816,9786,1201,26829,32.1,15515,3,4985
instals Commercial,Mount Lawley (East Metropolitan),WA,29871,2422,342,27107,33.5,16343,2,92
instals Residential,Mount Lawley (East Metropolitan),WA,29871,2422,342,27107,33.5,16343,2,5468
instals Commercial,Mount Ommaney,QLD,72837,17555,1258,54024,58.4,18451,4,497
instals Residential,Mount Ommaney,QLD,72837,17555,1258,54024,58.4,18451,4,10772
instals Commercial,Mount Waverley (Eastern Metropolitan),VIC,35989,3955,465,31569,29.9,21096,2,153
instals Residential,Mount Waverley (Eastern Metropolitan),VIC,35989,3955,465,31569,29.9,21096,2,6302
instals Commercial,Mudgeeraba,QLD,81672,11888,7525,62259,57.7,20183,4,545
instals Residential,Mudgeeraba,QLD,81672,11888,7525,62259,57.7,20183,4,11650
instals Commercial,Mulgoa,NSW,130294,25340,31405,73549,41.5,29192,44,926
instals Residential,Mulgoa,NSW,130294,25340,31405,73549,41.5,29192,44,12101
instals Commercial,Mulgrave,QLD,72881,11611,1149,60121,48.5,20568,5,430
instals Residential,Mulgrave,QLD,72881,11611,1149,60121,48.5,20568,5,9973
instals Commercial,Mulgrave (South-Eastern Metropolitan),VIC,40945,8942,1957,30046,26.8,22776,8,239
instals Residential,Mulgrave (South-Eastern Metropolitan),VIC,40945,8942,1957,30046,26.8,22776,8,6100
instals Commercial,Mundingburra,QLD,216285,11825,153563,50897,49,19128,8,391
instals Residential,Mundingburra,QLD,216285,11825,153563,50897,49,19128,8,9381
instals Commercial,Murray,NSW,1632401,57302,1490889,84210,38.9,37343,45,2060
instals Residential,Murray,NSW,1632401,57302,1490889,84210,38.9,37343,45,14515
instals Commercial,Murray Plains (Northern Victoria),VIC,231436,34974,135371,61091,38.8,30732,19,1129
instals Residential,Murray Plains (Northern Victoria),VIC,231436,34974,135371,61091,38.8,30732,19,11931
instals Commercial,Murray-Wellington (South West),WA,61524,6731,2265,52528,57.8,19714,6,226
instals Residential,Murray-Wellington (South West),WA,61524,6731,2265,52528,57.8,19714,6,11391
instals Commercial,Murrumba,QLD,66865,5442,790,60633,44.8,26418,3,219
instals Residential,Murrumba,QLD,66865,5442,790,60633,44.8,26418,3,11843
instals Commercial,Murrumbidgee,ACT,104491,13743,13970,76778,36.6,33167,5,649
instals Residential,Murrumbidgee,ACT,104491,13743,13970,76778,36.6,33167,5,12145
instals Commercial,Myall Lakes,NSW,90770,12956,1066,76748,43.8,34872,4,483
instals Residential,Myall Lakes,NSW,90770,12956,1066,76748,43.8,34872,4,15276
instals Commercial,Namatjira,NT,7778,1646,4184,1948,7.9,4148,10,50
instals Residential,Namatjira,NT,7778,1646,4184,1948,7.9,4148,10,329
instals Commercial,Nanango,QLD,89251,16173,509,72569,53.9,27098,2,644
instals Residential,Nanango,QLD,89251,16173,509,72569,53.9,27098,2,14617
instals Commercial,Narracan (Eastern Victoria),VIC,78205,17253,3318,57634,33.5,34916,8,572
instals Residential,Narracan (Eastern Victoria),VIC,78205,17253,3318,57634,33.5,34916,8,11706
instals Commercial,Narre Warren North (South-Eastern Metropolitan),VIC,60532,9468,3694,47370,39.5,23886,5,317
instals Residential,Narre Warren North (South-Eastern Metropolitan),VIC,60532,9468,3694,47370,39.5,23886,5,9444
instals Commercial,Narre Warren South (South-Eastern Metropolitan),VIC,57216,4249,0,52967,39.3,27575,0,147
instals Residential,Narre Warren South (South-Eastern Metropolitan),VIC,57216,4249,0,52967,39.3,27575,0,10849
instals Commercial,Narungga,SA,109487,13510,33263,62714,52.3,24823,13,510
instals Residential,Narungga,SA,109487,13510,33263,62714,52.3,24823,13,12978
instals Commercial,Nedlands (North Metropolitan),WA,32281,5515,1168,25598,36.7,13218,6,199
instals Residential,Nedlands (North Metropolitan),WA,32281,5515,1168,25598,36.7,13218,6,4845
instals Commercial,Nelson,NT,23697,3905,11363,8429,33.8,3716,3,97
instals Residential,Nelson,NT,23697,3905,11363,8429,33.8,3716,3,1255
instals Commercial,Nepean (Eastern Victoria),VIC,73515,14066,954,58495,21.6,51663,4,596
instals Residential,Nepean (Eastern Victoria),VIC,73515,14066,954,58495,21.6,51663,4,11143
instals Commercial,Newcastle,NSW,53497,12486,303,40708,27.2,28851,1,426
instals Residential,Newcastle,NSW,53497,12486,303,40708,27.2,28851,1,7842
instals Commercial,Newland,SA,46052,5520,1518,39014,56.7,14618,1,234
instals Residential,Newland,SA,46052,5520,1518,39014,56.7,14618,1,8286
instals Commercial,Newtown,NSW,18474,5982,1936,10556,12.3,18658,5,184
instals Residential,Newtown,NSW,18474,5982,1936,10556,12.3,18658,5,2291
instals Commercial,Nhulunbuy,NT,3812,1237,1707,868,5.7,2308,3,31
instals Residential,Nhulunbuy,NT,3812,1237,1707,868,5.7,2308,3,131
instals Commercial,Nicklin,QLD,79650,13800,656,65194,64.1,20306,3,596
instals Residential,Nicklin,QLD,79650,13800,656,65194,64.1,20306,3,13018
instals Commercial,Niddrie (Western Metropolitan),VIC,28503,6095,486,21922,18,24985,1,219
instals Residential,Niddrie (Western Metropolitan),VIC,28503,6095,486,21922,18,24985,1,4493
instals Commercial,Nightcliff,NT,4450,827,0,3623,37.8,1646,0,17
instals Residential,Nightcliff,NT,4450,827,0,3623,37.8,1646,0,622
instals Commercial,Ninderry,QLD,94530,13849,15258,65423,58,21774,2,612
instals Residential,Ninderry,QLD,94530,13849,15258,65423,58,21774,2,12620
instals Commercial,Noosa,QLD,83092,16030,431,66631,56.2,23084,2,691
instals Residential,Noosa,QLD,83092,16030,431,66631,56.2,23084,2,12982
instals Commercial,North Shore,NSW,16370,4449,410,11511,17,11169,2,174
instals Residential,North Shore,NSW,16370,4449,410,11511,17,11169,2,1897
instals Commercial,North West Central (Mining and Pastoral),WA,129889,9487,112690,7712,9.7,13653,23,336
instals Residential,North West Central (Mining and Pastoral),WA,129889,9487,112690,7712,9.7,13653,23,1318
instals Commercial,Northcote (Northern Metropolitan),VIC,29718,5497,0,24221,23.3,23042,0,164
instals Residential,Northcote (Northern Metropolitan),VIC,29718,5497,0,24221,23.3,23042,0,5364
instals Commercial,Northern Tablelands,NSW,888225,25083,786794,76348,39.9,37961,14,1013
instals Residential,Northern Tablelands,NSW,888225,25083,786794,76348,39.9,37961,14,15135
instals Commercial,Nudgee,QLD,56461,11208,3250,42003,45.3,18189,7,374
instals Residential,Nudgee,QLD,56461,11208,3250,42003,45.3,18189,7,8234
instals Commercial,Oakleigh (Southern Metropolitan),VIC,30363,5603,4374,20386,18.4,22867,7,170
instals Residential,Oakleigh (Southern Metropolitan),VIC,30363,5603,4374,20386,18.4,22867,7,4212
instals Commercial,Oatley,NSW,40515,7286,552,32677,25,23063,2,290
instals Residential,Oatley,NSW,40515,7286,552,32677,25,23063,2,5771
instals Commercial,Oodgeroo,QLD,62697,7832,752,54113,59.2,18827,2,364
instals Residential,Oodgeroo,QLD,62697,7832,752,54113,59.2,18827,2,11141
instals Commercial,Orange,NSW,427892,24418,328279,75195,37.9,34750,19,924
instals Residential,Orange,NSW,427892,24418,328279,75195,37.9,34750,19,13179
instals Commercial,Ovens Valley (Northern Victoria),VIC,106048,22164,18672,65212,41,30991,10,784
instals Residential,Ovens Valley (Northern Victoria),VIC,106048,22164,18672,65212,41,30991,10,12701
instals Commercial,Oxley,NSW,98421,14590,1213,82618,48.6,34705,5,533
instals Residential,Oxley,NSW,98421,14590,1213,82618,48.6,34705,5,16880
instals Commercial,Parramatta,NSW,42996,10112,2661,30223,22.5,23040,9,347
instals Residential,Parramatta,NSW,42996,10112,2661,30223,22.5,23040,9,5188
instals Commercial,Pascoe Vale (Northern Metropolitan),VIC,30553,5455,632,24466,16.5,32767,2,182
instals Residential,Pascoe Vale (Northern Metropolitan),VIC,30553,5455,632,24466,16.5,32767,2,5406
instals Commercial,Penrith,NSW,75575,17133,2642,55800,33.4,29447,7,588
instals Residential,Penrith,NSW,75575,17133,2642,55800,33.4,29447,7,9846
instals Commercial,Perth (North Metropolitan),WA,28835,10990,181,17664,30.4,12086,2,302
instals Residential,Perth (North Metropolitan),WA,28835,10990,181,17664,30.4,12086,2,3669
instals Commercial,Pilbara (Mining and Pastoral),WA,150526,10362,130207,9957,8.5,18835,11,280
instals Residential,Pilbara (Mining and Pastoral),WA,150526,10362,130207,9957,8.5,18835,11,1603
instals Commercial,Pine Rivers,QLD,88584,18354,2352,67878,63,20767,3,789
instals Residential,Pine Rivers,QLD,88584,18354,2352,67878,63,20767,3,13088
instals Commercial,Pittwater,NSW,45257,9700,0,35557,24.5,23742,0,387
instals Residential,Pittwater,NSW,45257,9700,0,35557,24.5,23742,0,5807
instals Commercial,Playford,SA,61424,10765,6903,43756,59.1,15526,10,323
instals Residential,Playford,SA,61424,10765,6903,43756,59.1,15526,10,9174
instals Commercial,Polwarth (Western Victoria),VIC,75115,21785,2041,51289,26.8,37302,4,755
instals Residential,Polwarth (Western Victoria),VIC,75115,21785,2041,51289,26.8,37302,4,9980
instals Commercial,Port Adelaide,SA,62178,17071,8150,36957,50.2,15840,13,500
instals Residential,Port Adelaide,SA,62178,17071,8150,36957,50.2,15840,13,7948
instals Commercial,Port Darwin,NT,6086,4300,462,1324,36.8,572,2,82
instals Residential,Port Darwin,NT,6086,4300,462,1324,36.8,572,2,210
instals Commercial,Port Macquarie,NSW,104396,13434,2628,88334,50.4,35502,5,475
instals Residential,Port Macquarie,NSW,104396,13434,2628,88334,50.4,35502,5,17897
instals Commercial,Port Stephens,NSW,97917,14744,2274,80899,41,36701,7,549
instals Residential,Port Stephens,NSW,97917,14744,2274,80899,41,36701,7,15064
instals Commercial,Prahran (Southern Metropolitan),VIC,8787,2745,0,6042,11.3,11158,0,104
instals Residential,Prahran (Southern Metropolitan),VIC,8787,2745,0,6042,11.3,11158,0,1256
instals Commercial,Preston (Northern Metropolitan),VIC,30049,6154,584,23311,17.2,30359,2,171
instals Residential,Preston (Northern Metropolitan),VIC,30049,6154,584,23311,17.2,30359,2,5225
instals Commercial,Prospect,NSW,84161,22210,15638,46313,31.1,27232,38,590
instals Residential,Prospect,NSW,84161,22210,15638,46313,31.1,27232,38,8456
instals Commercial,Pumicestone,QLD,88971,10037,1244,77690,66,24733,4,431
instals Residential,Pumicestone,QLD,88971,10037,1244,77690,66,24733,4,16336
instals Commercial,Ramsay,SA,47175,5205,2729,39241,51.1,16282,3,175
instals Residential,Ramsay,SA,47175,5205,2729,39241,51.1,16282,3,8324
instals Commercial,Redcliffe,QLD,57063,8269,220,48574,47.9,20447,1,365
instals Residential,Redcliffe,QLD,57063,8269,220,48574,47.9,20447,1,9804
instals Commercial,Redlands,QLD,77700,6772,880,70048,61.6,23402,2,308
instals Residential,Redlands,QLD,77700,6772,880,70048,61.6,23402,2,14423
instals Commercial,Reynell,SA,43343,4434,2968,35941,48.1,16803,4,158
instals Residential,Reynell,SA,43343,4434,2968,35941,48.1,16803,4,8080
instals Commercial,Richmond (Northern Metropolitan),VIC,21596,6621,3520,11455,14,19501,6,210
instals Residential,Richmond (Northern Metropolitan),VIC,21596,6621,3520,11455,14,19501,6,2732
instals Commercial,Ringwood (Eastern Metropolitan),VIC,36970,7728,628,28614,22,26503,3,242
instals Residential,Ringwood (Eastern Metropolitan),VIC,36970,7728,628,28614,22,26503,3,5842
instals Commercial,Ripon (Western Victoria),VIC,98596,16819,23751,58026,35.7,33138,13,551
instals Residential,Ripon (Western Victoria),VIC,98596,16819,23751,58026,35.7,33138,13,11835
instals Commercial,Riverstone,NSW,167838,18292,813,148733,48.8,46017,5,819
instals Residential,Riverstone,NSW,167838,18292,813,148733,48.8,46017,5,22472
instals Commercial,Riverton (South Metropolitan),WA,44647,4367,180,40100,62.4,14274,1,127
instals Residential,Riverton (South Metropolitan),WA,44647,4367,180,40100,62.4,14274,1,8914
instals Commercial,Rockdale,NSW,27923,5769,332,21822,19.3,19573,2,215
instals Residential,Rockdale,NSW,27923,5769,332,21822,19.3,19573,2,3783
instals Commercial,Rockhampton,QLD,59949,11582,3068,45299,42.1,21807,8,394
instals Residential,Rockhampton,QLD,59949,11582,3068,45299,42.1,21807,8,9178
instals Commercial,Rockingham (South Metropolitan),WA,42493,3940,2164,36389,52.9,17150,2,127
instals Residential,Rockingham (South Metropolitan),WA,42493,3940,2164,36389,52.9,17150,2,9076
instals Commercial,Roe (Agricultural),WA,34136,6488,5066,22582,23.7,20321,4,263
instals Residential,Roe (Agricultural),WA,34136,6488,5066,22582,23.7,20321,4,4824
instals Commercial,Rowville (South-Eastern Metropolitan),VIC,47173,7975,5155,34043,35.3,20233,9,216
instals Residential,Rowville (South-Eastern Metropolitan),VIC,47173,7975,5155,34043,35.3,20233,9,7135
instals Commercial,Ryde,NSW,39661,8735,1438,29488,23.6,22327,6,274
instals Residential,Ryde,NSW,39661,8735,1438,29488,23.6,22327,6,5271
instals Commercial,Sanderson,NT,7099,1097,0,6002,35.6,2900,0,23
instals Residential,Sanderson,NT,7099,1097,0,6002,35.6,2900,0,1032
instals Commercial,Sandgate,QLD,56849,4389,1624,50836,51.6,21187,3,170
instals Residential,Sandgate,QLD,56849,4389,1624,50836,51.6,21187,3,10941
instals Commercial,Sandringham (Southern Metropolitan),VIC,32548,5398,452,26698,20.1,24293,2,201
instals Residential,Sandringham (Southern Metropolitan),VIC,32548,5398,452,26698,20.1,24293,2,4885
instals Commercial,Scarborough (North Metropolitan),WA,33657,2171,423,31063,33.4,19334,3,79
instals Residential,Scarborough (North Metropolitan),WA,33657,2171,423,31063,33.4,19334,3,6459
instals Commercial,Scenic Rim,QLD,94431,19801,195,74435,58.4,24334,1,850
instals Residential,Scenic Rim,QLD,94431,19801,195,74435,58.4,24334,1,14205
instals Commercial,Schubert,SA,80984,18147,9748,53089,62.2,16111,17,681
instals Residential,Schubert,SA,80984,18147,9748,53089,62.2,16111,17,10027
instals Commercial,Seven Hills,NSW,63613,10637,3779,49197,32.6,27556,12,366
instals Residential,Seven Hills,NSW,63613,10637,3779,49197,32.6,27556,12,8974
instals Commercial,Shellharbour,NSW,81056,7772,2600,70684,36.7,34629,6,286
instals Residential,Shellharbour,NSW,81056,7772,2600,70684,36.7,34629,6,12725
instals Commercial,Shepparton (Northern Victoria),VIC,362810,27102,274507,61201,38,32348,36,870
instals Residential,Shepparton (Northern Victoria),VIC,362810,27102,274507,61201,38,32348,36,12300
instals Commercial,South Barwon (Western Victoria),VIC,78468,9037,9451,59980,27.3,42408,6,325
instals Residential,South Barwon (Western Victoria),VIC,78468,9037,9451,59980,27.3,42408,6,11562
instals Commercial,South Brisbane,QLD,26298,8854,973,16471,41.9,7784,4,288
instals Residential,South Brisbane,QLD,26298,8854,973,16471,41.9,7784,4,3259
instals Commercial,South Coast,NSW,96548,12206,504,83838,35,44475,1,464
instals Residential,South Coast,NSW,96548,12206,504,83838,35,44475,1,15553
instals Commercial,South Perth (South Metropolitan),WA,30219,2541,193,27485,32,17298,1,93
instals Residential,South Perth (South Metropolitan),WA,30219,2541,193,27485,32,17298,1,5536
instals Commercial,South-West Coast (Western Victoria),VIC,49504,13223,699,35582,23.2,31194,3,395
instals Residential,South-West Coast (Western Victoria),VIC,49504,13223,699,35582,23.2,31194,3,7230
instals Commercial,Southern Downs,QLD,156351,21976,81796,52579,42.6,24501,8,809
instals Residential,Southern Downs,QLD,156351,21976,81796,52579,42.6,24501,8,10442
instals Commercial,Southern River (South Metropolitan),WA,53940,4845,416,48679,60.6,17872,2,138
instals Residential,Southern River (South Metropolitan),WA,53940,4845,416,48679,60.6,17872,2,10823
instals Commercial,Southport,QLD,54921,13749,1620,39552,45.3,16988,6,491
instals Residential,Southport,QLD,54921,13749,1620,39552,45.3,16988,6,7687
instals Commercial,Spillett,NT,24807,4389,9960,10458,38.6,4386,6,99
instals Residential,Spillett,NT,24807,4389,9960,10458,38.6,4386,6,1694
instals Commercial,Springwood,QLD,76916,9594,5713,61609,58.3,20773,4,410
instals Residential,Springwood,QLD,76916,9594,5713,61609,58.3,20773,4,12114
instals Commercial,St Albans (Western Metropolitan),VIC,37616,7069,1595,28952,23.7,27212,3,181
instals Residential,St Albans (Western Metropolitan),VIC,37616,7069,1595,28952,23.7,27212,3,6458
instals Commercial,Stafford,QLD,47467,7349,1751,38367,40.3,18074,6,295
instals Residential,Stafford,QLD,47467,7349,1751,38367,40.3,18074,6,7281
instals Commercial,Strathfield,NSW,38336,9452,6020,22864,21.4,18511,8,325
instals Residential,Strathfield,NSW,38336,9452,6020,22864,21.4,18511,8,3961
instals Commercial,Stretton,QLD,65137,6665,2444,56028,58.7,20493,4,287
instals Residential,Stretton,QLD,65137,6665,2444,56028,58.7,20493,4,12036
instals Commercial,Stuart (NT),NT,3785,1483,1584,718,4.9,2448,6,42
instals Residential,Stuart (NT),NT,3785,1483,1584,718,4.9,2448,6,121
instals Commercial,Stuart (SA),SA,340162,14498,282876,42788,48.7,18085,18,532
instals Residential,Stuart (SA),SA,340162,14498,282876,42788,48.7,18085,18,8803
instals Commercial,Summer Hill,NSW,26820,7312,984,18524,21.3,16312,3,225
instals Residential,Summer Hill,NSW,26820,7312,984,18524,21.3,16312,3,3473
instals Commercial,Sunbury (Western Metropolitan),VIC,67466,11923,14520,41023,29.3,27099,4,376
instals Residential,Sunbury (Western Metropolitan),VIC,67466,11923,14520,41023,29.3,27099,4,7931
instals Commercial,Surfers Paradise,QLD,36063,8368,0,27695,47.9,10443,0,375
instals Residential,Surfers Paradise,QLD,36063,8368,0,27695,47.9,10443,0,5002
instals Commercial,Swan Hills (East Metropolitan),WA,85067,4528,4599,75940,64.1,23670,4,193
instals Residential,Swan Hills (East Metropolitan),WA,85067,4528,4599,75940,64.1,23670,4,15167
instals Commercial,Swansea,NSW,79746,8621,288,70837,38.3,33114,1,354
instals Residential,Swansea,NSW,79746,8621,288,70837,38.3,33114,1,12694
instals Commercial,Sydenham (Western Metropolitan),VIC,54893,3781,3513,47599,36.3,25209,5,136
instals Residential,Sydenham (Western Metropolitan),VIC,54893,3781,3513,47599,36.3,25209,5,9147
instals Commercial,Sydney,NSW,10915,5056,2837,3022,6.2,9980,9,145
instals Residential,Sydney,NSW,10915,5056,2837,3022,6.2,9980,9,621
instals Commercial,Tamworth,NSW,251672,21635,159128,70909,35.5,36367,14,798
instals Residential,Tamworth,NSW,251672,21635,159128,70909,35.5,36367,14,12924
instals Commercial,Tarneit (Western Metropolitan),VIC,161533,31589,9743,120201,41.2,52567,28,653
instals Residential,Tarneit (Western Metropolitan),VIC,161533,31589,9743,120201,41.2,52567,28,21663
instals Commercial,Taylor,SA,93502,23738,7579,62185,57.8,19259,12,813
instals Residential,Taylor,SA,93502,23738,7579,62185,57.8,19259,12,11124
instals Commercial,Terrigal,NSW,66729,8863,716,57150,32.2,30930,3,379
instals Residential,Terrigal,NSW,66729,8863,716,57150,32.2,30930,3,9963
instals Commercial,The Entrance,NSW,66081,10825,2660,52596,31,29926,4,385
instals Residential,The Entrance,NSW,66081,10825,2660,52596,31,29926,4,9277
instals Commercial,Theodore,QLD,99772,16209,3278,80285,53.8,25664,3,782
instals Residential,Theodore,QLD,99772,16209,3278,80285,53.8,25664,3,13801
instals Commercial,Thomastown (Northern Metropolitan),VIC,62152,13586,4846,43720,26.7,31022,8,408
instals Residential,Thomastown (Northern Metropolitan),VIC,62152,13586,4846,43720,26.7,31022,8,8270
instals Commercial,Thornlie (East Metropolitan),WA,50288,5085,0,45203,54.5,19396,0,165
instals Residential,Thornlie (East Metropolitan),WA,50288,5085,0,45203,54.5,19396,0,10568
instals Commercial,Thuringowa,QLD,225376,7437,151480,66459,60.4,20641,6,328
instals Residential,Thuringowa,QLD,225376,7437,151480,66459,60.4,20641,6,12462
instals Commercial,Toohey,QLD,71680,18421,3396,49863,51.6,20527,8,618
instals Residential,Toohey,QLD,71680,18421,3396,49863,51.6,20527,8,10597
instals Commercial,Toowoomba North,QLD,57877,11930,2110,43837,37.2,23166,5,421
instals Residential,Toowoomba North,QLD,57877,11930,2110,43837,37.2,23166,5,8628
instals Commercial,Toowoomba South,QLD,54860,12004,2979,39877,32.5,24765,6,380
instals Residential,Toowoomba South,QLD,54860,12004,2979,39877,32.5,24765,6,8051
instals Commercial,Torrens,SA,50052,7937,520,41595,50.9,16151,2,307
instals Residential,Torrens,SA,50052,7937,520,41595,50.9,16151,2,8228
instals Commercial,Townsville,QLD,66546,15545,5008,45993,40.5,20761,16,539
instals Residential,Townsville,QLD,66546,15545,5008,45993,40.5,20761,16,8415
instals Commercial,Traeger,QLD,263381,17216,212925,33240,26.1,22445,11,636
instals Residential,Traeger,QLD,263381,17216,212925,33240,26.1,22445,11,5864
instals Commercial,Tweed,NSW,117401,14140,1194,102067,62,32281,4,559
instals Residential,Tweed,NSW,117401,14140,1194,102067,62,32281,4,20017
instals Commercial,Unclassified (OT),OT,4871,1203,0,3668,45.6,1947,0,50
instals Residential,Unclassified (OT),OT,4871,1203,0,3668,45.6,1947,0,888
instals Commercial,Unley,SA,48598,13331,374,34893,49.5,12830,2,585
instals Residential,Unley,SA,48598,13331,374,34893,49.5,12830,2,6346
instals Commercial,Upper Hunter,NSW,111757,25655,3958,82144,37.7,36432,8,1035
instals Residential,Upper Hunter,NSW,111757,25655,3958,82144,37.7,36432,8,13725
instals Commercial,Vasse (South West),WA,59334,10593,142,48599,40.9,24705,1,341
instals Residential,Vasse (South West),WA,59334,10593,142,48599,40.9,24705,1,10093
instals Commercial,Vaucluse,NSW,19461,4863,0,14598,18.6,12197,0,241
instals Residential,Vaucluse,NSW,19461,4863,0,14598,18.6,12197,0,2265
instals Commercial,Victoria Park (South Metropolitan),WA,36700,6443,936,29321,30.1,21104,3,179
instals Residential,Victoria Park (South Metropolitan),WA,36700,6443,936,29321,30.1,21104,3,6359
instals Commercial,Wagga Wagga,NSW,251089,18072,167101,65916,37.6,32945,9,664
instals Residential,Wagga Wagga,NSW,251089,18072,167101,65916,37.6,32945,9,12391
instals Commercial,Waite,SA,51915,7835,300,43780,58.5,13750,2,406
instals Residential,Waite,SA,51915,7835,300,43780,58.5,13750,2,8047
instals Commercial,Wakehurst,NSW,46097,7389,562,38146,30.3,20936,3,275
instals Residential,Wakehurst,NSW,46097,7389,562,38146,30.3,20936,3,6343
instals Commercial,Wallsend,NSW,84109,10600,10683,62826,32.5,35879,11,366
instals Residential,Wallsend,NSW,84109,10600,10683,62826,32.5,35879,11,11674
instals Commercial,Wanguri,NT,7694,1201,470,6023,36.4,2846,2,25
instals Residential,Wanguri,NT,7694,1201,470,6023,36.4,2846,2,1035
instals Commercial,Wanneroo (North Metropolitan),WA,70380,10292,2241,57847,63.8,18821,7,305
instals Residential,Wanneroo (North Metropolitan),WA,70380,10292,2241,57847,63.8,18821,7,12013
instals Commercial,Warnbro (South Metropolitan),WA,58602,2091,1691,54820,63.8,18702,3,77
instals Residential,Warnbro (South Metropolitan),WA,58602,2091,1691,54820,63.8,18702,3,11929
instals Commercial,Warrandyte (Eastern Metropolitan),VIC,37447,5706,1405,30336,26.2,21837,4,254
instals Residential,Warrandyte (Eastern Metropolitan),VIC,37447,5706,1405,30336,26.2,21837,4,5716
instals Commercial,Warrego,QLD,206290,23963,142045,40282,36.8,21386,7,857
instals Residential,Warrego,QLD,206290,23963,142045,40282,36.8,21386,7,7869
instals Commercial,Warren-Blackwood (South West),WA,41790,9167,299,32324,30.2,22824,2,324
instals Residential,Warren-Blackwood (South West),WA,41790,9167,299,32324,30.2,22824,2,6890
instals Commercial,Waterford,QLD,78802,14870,2072,61860,51.7,23852,5,518
instals Residential,Waterford,QLD,78802,14870,2072,61860,51.7,23852,5,12330
instals Commercial,Wendouree (Western Victoria),VIC,45332,11809,2535,30988,22,27780,7,333
instals Residential,Wendouree (Western Victoria),VIC,45332,11809,2535,30988,22,27780,7,6104
instals Commercial,Werribee (Western Metropolitan),VIC,85646,8266,2706,74674,36.4,37810,9,231
instals Residential,Werribee (Western Metropolitan),VIC,85646,8266,2706,74674,36.4,37810,9,13779
instals Commercial,West Swan (East Metropolitan),WA,69230,6729,1392,61109,61.2,20059,6,212
instals Residential,West Swan (East Metropolitan),WA,69230,6729,1392,61109,61.2,20059,6,12270
instals Commercial,West Torrens,SA,48735,14360,3144,31231,41,14867,6,511
instals Residential,West Torrens,SA,48735,14360,3144,31231,41,14867,6,6094
instals Commercial,Whitsunday,QLD,81013,16772,1581,62660,48.7,21752,5,600
instals Residential,Whitsunday,QLD,81013,16772,1581,62660,48.7,21752,5,10601
instals Commercial,Willagee (South Metropolitan),WA,41564,6704,1635,33225,45.4,16151,8,189
instals Residential,Willagee (South Metropolitan),WA,41564,6704,1635,33225,45.4,16151,8,7333
instals Commercial,Williamstown (Western Metropolitan),VIC,39031,10107,2466,26458,19.4,29573,8,273
instals Residential,Williamstown (Western Metropolitan),VIC,39031,10107,2466,26458,19.4,29573,8,5724
instals Commercial,Willoughby,NSW,35091,7411,712,26968,24.2,18620,3,299
instals Residential,Willoughby,NSW,35091,7411,712,26968,24.2,18620,3,4510
instals Commercial,Wollondilly,NSW,109956,22277,2659,85020,39.4,34778,6,965
instals Residential,Wollondilly,NSW,109956,22277,2659,85020,39.4,34778,6,13699
instals Commercial,Wollongong,NSW,57694,13324,2747,41623,28.8,26013,10,380
instals Residential,Wollongong,NSW,57694,13324,2747,41623,28.8,26013,10,7503
instals Commercial,Woodridge,QLD,68602,14253,1783,52566,44.3,25143,8,352
instals Residential,Woodridge,QLD,68602,14253,1783,52566,44.3,25143,8,11131
instals Commercial,Wright,SA,47108,6108,1109,39891,57.8,14843,3,220
instals Residential,Wright,SA,47108,6108,1109,39891,57.8,14843,3,8585
instals Commercial,Wyong,NSW,83216,10281,8100,64835,37.3,32178,9,382
instals Residential,Wyong,NSW,83216,10281,8100,64835,37.3,32178,9,11997
instals Commercial,Yan Yean (Northern Victoria),VIC,81901,8222,374,73305,33.7,38719,1,373
instals Residential,Yan Yean (Northern Victoria),VIC,81901,8222,374,73305,33.7,38719,1,13054
instals Commercial,Yerrabi,ACT,107328,16879,2174,88275,34.9,38127,6,691
instals Residential,Yerrabi,ACT,107328,16879,2174,88275,34.9,38127,6,13320
instals Commercial,Yuroke (Northern Metropolitan),VIC,118554,10774,3086,104694,35.4,48790,6,451
instals Residential,Yuroke (Northern Metropolitan),VIC,118554,10774,3086,104694,35.4,48790,6,17279
