"LGA","lga_name","lga_state","capacity_lga","dwellings_lga","instals_lga","density_lga","capacity_Residential","capacity_Commercial","capacity_Power_Station","installs_Residential","installs_Commercial","installs_Power_Station"
"10050","Albury (C)","NSW","69263","26143","9945","35.9","51193","16533","1537","9382","559","4"
"10180","Armidale Regional (A)","NSW","30511","12642","4787","36.1","24164","6347","0","4560","227","0"
"10250","Ballina (A)","NSW","68400","20590","12120","57.0","57632","9966","802","11727","390","3"
"10300","Balranald (A)","NSW","608653","929","374","34.1","1876","1811","604966","316","53","5"
"10470","Bathurst Regional (A)","NSW","52108","18133","6943","36.0","38104","11305","2699","6522","417","4"
"10500","Bayside (A)","NSW","54904","33654","7224","20.2","38644","14203","2057","6794","424","6"
"10550","Bega Valley (A)","NSW","41061","17966","7753","41.9","34577","6225","259","7525","227","1"
"10600","Bellingen (A)","NSW","17163","6279","3254","50.2","14567","2596","0","3153","101","0"
"10650","Berrigan (A)","NSW","192050","4232","2171","46.7","10517","5949","175584","1978","191","2"
"10750","Blacktown (C)","NSW","397485","132994","55259","40.0","310995","61409","25081","53190","2015","54"
"10800","Bland (A)","NSW","192245","3056","1225","37.1","6411","2237","183597","1133","89","3"
"10850","Blayney (A)","NSW","9569","3186","1241","36.6","6998","1970","601","1165","75","1"
"10900","Blue Mountains (C)","NSW","72060","34173","12793","36.3","62624","9287","149","12390","402","1"
"10950","Bogan (A)","NSW","106825","1290","606","42.8","2553","1072","103200","552","51","3"
"11150","Bourke (A)","NSW","4928","1204","771","59.1","3645","1283","0","711","60","0"
"11200","Brewarrina (A)","NSW","2698","719","412","52.5","1997","701","0","378","34","0"
"11250","Broken Hill (C)","NSW","33888","9102","6057","63.6","26247","6891","750","5792","264","1"
"11300","Burwood (A)","NSW","11661","7857","1658","19.7","8638","3023","0","1550","108","0"
"11350","Byron (A)","NSW","58458","16025","9372","55.0","45382","12720","356","8814","556","2"
"11400","Cabonne (A)","NSW","114068","6234","2752","41.4","14519","4621","94928","2579","171","2"
"11450","Camden (A)","NSW","144640","42617","17769","39.2","113270","25068","6302","16689","1068","12"
"11500","Campbelltown (C) (NSW)","NSW","166869","61837","24826","38.6","132929","27706","6234","23852","961","13"
"11520","Canada Bay (A)","NSW","31812","18502","4217","21.6","24092","6059","1661","3997","217","3"
"11570","Canterbury-Bankstown (A)","NSW","170487","94401","23309","23.3","122417","39507","8563","21995","1297","17"
"11600","Carrathool (A)","NSW","126487","1251","547","36.6","2609","2721","121157","458","81","8"
"11650","Central Coast (C) (NSW)","NSW","318821","140232","48015","33.0","256105","46401","16315","46263","1726","26"
"11700","Central Darling (A)","NSW","4145","854","613","64.8","2894","1251","0","554","59","0"
"11720","Cessnock (C)","NSW","79231","25905","10706","39.5","61357","11220","6654","10232","466","8"
"11730","Clarence Valley (A)","NSW","74331","25105","12569","48.2","61511","12154","666","12105","461","3"
"11750","Cobar (A)","NSW","7263","2197","1174","50.2","5491","1772","0","1103","71","0"
"11800","Coffs Harbour (C)","NSW","93262","31658","15192","46.3","73978","15522","3762","14668","515","9"
"12000","Coolamon (A)","NSW","5782","2038","912","42.4","4780","1002","0","864","48","0"
"12150","Coonamble (A)","NSW","6278","1629","1003","56.4","4510","1768","0","919","84","0"
"12160","Cootamundra-Gundagai Regional (A)","NSW","21459","5474","2324","39.7","11688","3463","6308","2174","148","2"
"12350","Cowra (A)","NSW","17448","6326","2572","38.0","12814","4388","246","2401","170","1"
"12380","Cumberland (A)","NSW","112561","54328","14617","25.3","75688","27974","8899","13735","858","24"
"12390","Dubbo Regional (A)","NSW","917500","21973","12759","54.8","55922","18177","843401","12048","698","13"
"12700","Dungog (A)","NSW","15119","4601","2177","44.2","12147","2972","0","2035","142","0"
"12730","Edward River (A)","NSW","15585","4282","1919","41.0","10296","5013","276","1757","161","1"
"12750","Eurobodalla (A)","NSW","50692","23766","8722","35.6","43194","7073","425","8472","248","2"
"12850","Fairfield (C)","NSW","151329","57979","19209","31.0","95579","42753","12997","17947","1236","26"
"12870","Federation (A)","NSW","75490","6805","3360","46.8","17199","5124","53167","3187","167","6"
"12900","Forbes (A)","NSW","73890","4036","1667","37.8","8558","3317","62015","1525","139","3"
"12930","Georges River (A)","NSW","62653","36308","9273","24.3","50123","11451","1079","8816","453","4"
"12950","Gilgandra (A)","NSW","6291","2073","1074","48.7","4843","1448","0","1009","65","0"
"13010","Glen Innes Severn (A)","NSW","35850","4676","1674","33.9","8147","2322","25381","1584","88","2"
"13310","Goulburn Mulwaree (A)","NSW","36748","15486","4964","30.2","26965","6444","3339","4684","277","3"
"13340","Greater Hume Shire (A)","NSW","17836","4945","2578","49.2","13823","3591","422","2434","142","2"
"13450","Griffith (C)","NSW","76017","9941","4196","35.4","20519","17665","37833","3520","665","11"
"13550","Gunnedah (A)","NSW","171512","6116","2352","36.1","12962","3695","154855","2210","138","4"
"13660","Gwydir (A)","NSW","7772","2386","1203","47.0","5900","1872","0","1121","82","0"
"13800","Hawkesbury (C)","NSW","101958","28574","11632","36.1","68973","30444","2541","10324","1302","6"
"13850","Hay (A)","NSW","6194","1445","635","38.4","3424","2175","595","555","78","2"
"13910","Hilltops (A)","NSW","26010","9333","3729","37.3","19764","5928","318","3481","246","2"
"14000","Hornsby (A)","NSW","104901","42662","14753","32.7","83257","18879","2765","13955","790","8"
"14100","Hunters Hill (A)","NSW","6727","3918","922","22.3","5575","1152","0","873","49","0"
"14170","Inner West (A)","NSW","59355","46339","8878","18.2","42479","14752","2124","8420","453","5"
"14220","Inverell (A)","NSW","21473","8475","3418","38.1","16840","4633","0","3230","188","0"
"14300","Junee (A)","NSW","45335","2397","973","38.9","4663","1271","39401","932","40","1"
"14350","Kempsey (A)","NSW","37477","13173","6323","46.3","30059","6413","1005","6104","215","4"
"14400","Kiama (A)","NSW","24941","10068","4032","38.7","21366","3406","169","3894","137","1"
"14500","Ku-ring-gai (A)","NSW","75229","33278","9740","27.4","60868","13345","1016","9118","618","4"
"14550","Kyogle (A)","NSW","13332","4587","2483","52.3","11422","1910","0","2397","86","0"
"14600","Lachlan (A)","NSW","11365","2818","1492","47.8","7550","3594","221","1347","144","1"
"14650","Lake Macquarie (C)","NSW","210884","87735","33690","37.2","181084","27248","2552","32649","1031","10"
"14700","Lane Cove (A)","NSW","16902","7029","2138","28.4","12259","3866","777","1997","138","3"
"14750","Leeton (A)","NSW","31136","4202","1904","39.3","9677","6937","14522","1650","252","2"
"14850","Lismore (C)","NSW","64121","19115","11247","56.6","52823","10512","786","10817","428","2"
"14870","Lithgow (C)","NSW","24685","10206","3266","30.1","16898","4717","3070","3076","185","5"
"14900","Liverpool (C)","NSW","203595","69136","26787","36.9","151964","36613","15018","25527","1233","27"
"14920","Liverpool Plains (A)","NSW","8810","3622","1351","35.2","6684","2126","0","1275","76","0"
"14950","Lockhart (A)","NSW","4691","1354","749","53.1","4039","652","0","720","29","0"
"15050","Maitland (C)","NSW","118556","36953","15666","40.1","90216","23428","4912","14832","828","6"
"15240","Mid-Coast (A)","NSW","122800","46028","21252","44.7","103283","18256","1261","20562","685","5"
"15270","Mid-Western Regional (A)","NSW","144154","12801","4840","35.5","26305","6655","111194","4549","289","2"
"15300","Moree Plains (A)","NSW","108853","6201","3433","49.8","13644","7990","87219","3086","342","5"
"15350","Mosman (A)","NSW","10129","6126","1301","19.4","7661","2468","0","1190","111","0"
"15520","Murray River (A)","NSW","23515","6543","2818","38.1","14490","8020","1005","2494","320","4"
"15560","Murrumbidgee (A)","NSW","535648","1495","847","50.8","4110","2253","529285","760","82","5"
"15650","Muswellbrook (A)","NSW","19260","7213","2494","32.1","14344","4716","200","2316","177","1"
"15700","Nambucca Valley (A)","NSW","25102","9694","4767","48.1","22284","2818","0","4659","108","0"
"15750","Narrabri (A)","NSW","19957","6039","3870","60.6","15282","4382","293","3659","210","1"
"15800","Narrandera (A)","NSW","262170","2567","1170","41.6","5818","2453","253899","1067","100","3"
"15850","Narromine (A)","NSW","21581","2753","1692","56.2","7252","2938","11391","1549","141","2"
"15900","Newcastle (C)","NSW","135152","64757","19865","29.5","100846","22231","12075","19085","768","12"
"15950","North Sydney (A)","NSW","11442","9343","1576","15.8","8183","2849","410","1476","98","2"
"15990","Northern Beaches (A)","NSW","146331","68886","20699","28.6","119693","26076","562","19687","1009","3"
"16100","Oberon (A)","NSW","16077","2858","920","30.6","4878","965","10234","874","44","2"
"16150","Orange (C)","NSW","51571","18305","6784","34.7","37463","12527","1581","6345","435","4"
"16200","Parkes (A)","NSW","189012","6326","3016","44.6","15105","4152","169755","2819","187","10"
"16260","Parramatta (C)","NSW","119165","56042","15865","26.7","85752","26365","7048","14990","851","24"
"16350","Penrith (C)","NSW","231133","78313","29349","35.3","163924","46384","20825","27671","1643","35"
"16380","Port Macquarie-Hastings (A)","NSW","111527","37362","19458","50.6","94699","15528","1300","18900","554","4"
"16400","Port Stephens (A)","NSW","94343","35594","14990","40.6","78218","13851","2274","14462","521","7"
"16490","Queanbeyan-Palerang Regional (A)","NSW","76081","24013","10014","38.9","59495","15965","621","9342","669","3"
"16550","Randwick (C)","NSW","41705","24913","5983","23.0","33916","7071","718","5726","252","5"
"16610","Richmond Valley (A)","NSW","34066","10655","5891","53.5","28417","5215","434","5699","191","1"
"16700","Ryde (C)","NSW","54891","29532","7460","23.9","40420","12334","2137","7058","394","8"
"16900","Shellharbour (C)","NSW","72467","30371","11143","35.8","61648","7939","2880","10868","268","7"
"16950","Shoalhaven (C)","NSW","137595","58931","21552","35.3","112569","19496","5530","20809","736","7"
"17000","Singleton (A)","NSW","38907","10111","4522","41.1","26899","8796","3212","4160","357","5"
"17040","Snowy Monaro Regional (A)","NSW","24110","10419","3593","32.2","18508","5602","0","3353","240","0"
"17080","Snowy Valleys (A)","NSW","18988","6965","3044","41.6","15261","3727","0","2899","145","0"
"17100","Strathfield (A)","NSW","20419","6369","1691","23.7","9074","5326","6019","1509","173","9"
"17150","Sutherland Shire (A)","NSW","142511","67606","20317","28.8","119817","20252","2442","19447","863","7"
"17200","Sydney (C)","NSW","31919","26406","2740","8.8","10768","15713","5438","2314","410","16"
"17310","Tamworth Regional (A)","NSW","75035","27886","10585","35.8","54219","16543","4273","9972","603","10"
"17350","Temora (A)","NSW","118908","3019","1125","34.7","6102","1902","110904","1049","74","2"
"17400","Tenterfield (A)","NSW","8545","3757","1562","39.9","7285","1260","0","1501","61","0"
"17420","The Hills Shire (A)","NSW","196724","57824","26250","42.6","156574","36146","4004","24607","1633","10"
"17550","Tweed (A)","NSW","141492","38448","24673","62.3","122060","18238","1194","23943","726","4"
"17620","Upper Hunter Shire (A)","NSW","18265","7035","2410","31.5","13257","4657","351","2216","193","1"
"17640","Upper Lachlan Shire (A)","NSW","10395","4199","1631","37.0","8712","1683","0","1554","77","0"
"17650","Uralla (A)","NSW","529476","2764","1167","39.9","5554","1527","522395","1102","64","1"
"17750","Wagga Wagga (C)","NSW","232792","26565","10136","36.1","50867","14812","167113","9596","531","9"
"17850","Walcha (A)","NSW","2892","1585","465","27.2","2143","749","0","431","34","0"
"17900","Walgett (A)","NSW","10223","2284","1594","63.9","6597","3428","198","1459","134","1"
"17950","Warren (A)","NSW","136526","1205","747","56.5","3379","1300","131847","681","65","1"
"18020","Warrumbungle Shire (A)","NSW","14958","4583","2782","57.6","11827","3131","0","2641","141","0"
"18050","Waverley (A)","NSW","17008","11171","2434","20.5","13538","3470","0","2287","147","0"
"18100","Weddin (A)","NSW","5652","1748","801","43.1","4327","1325","0","753","48","0"
"18200","Wentworth (A)","NSW","19430","3494","1499","36.7","8067","5697","5666","1283","211","5"
"18250","Willoughby (C)","NSW","32757","15303","4275","26.0","24117","7198","1442","3981","289","5"
"18350","Wingecarribee (A)","NSW","70939","24307","9681","37.4","53272","15336","2331","9081","595","5"
"18400","Wollondilly (A)","NSW","77533","23003","10233","41.4","61019","15728","786","9518","713","2"
"18450","Wollongong (C)","NSW","161394","72510","24608","32.7","131385","26636","3373","23734","861","13"
"18500","Woollahra (A)","NSW","13302","10649","1632","13.5","9179","4123","0","1440","192","0"
"18710","Yass Valley (A)","NSW","27628","7141","3633","46.7","21331","6297","0","3338","295","0"
"19399","Unincorporated NSW","NSW","55727","541","262","45.6","1104","295","54328","247","13","2"
"20110","Alpine (S)","VIC","18719","7063","2962","39.7","14657","3684","378","2802","158","2"
"20260","Ararat (RC)","VIC","11101","5597","1816","31.0","8594","2295","212","1736","79","1"
"20570","Ballarat (C)","VIC","93873","49738","12814","24.5","63355","20358","10160","12183","617","14"
"20660","Banyule (C)","VIC","62775","48603","10840","21.6","51222","9603","1950","10497","335","8"
"20740","Bass Coast (S)","VIC","56487","29808","9188","29.7","45517","9396","1574","8857","327","4"
"20830","Baw Baw (S)","VIC","57339","25831","9241","34.2","43508","11850","1981","8830","405","6"
"20910","Bayside (C)","VIC","47942","36618","7619","19.9","39631","7859","452","7284","333","2"
"21010","Benalla (RC)","VIC","397175","7673","2973","37.1","14551","3136","379488","2848","121","4"
"21110","Boroondara (C)","VIC","66143","52314","10447","19.1","53102","11584","1457","10007","437","3"
"21180","Brimbank (C)","VIC","125712","70567","18880","25.7","84886","30224","10602","18127","732","21"
"21270","Buloke (S)","VIC","8942","3415","1252","33.8","5580","3022","340","1155","96","1"
"21370","Campaspe (S)","VIC","133246","18523","8211","41.0","38388","18342","76516","7589","606","16"
"21450","Cardinia (S)","VIC","109469","48707","16673","33.0","86980","18952","3537","16057","607","9"
"21610","Casey (C)","VIC","309447","131760","53103","39.5","274758","29280","5409","52107","985","11"
"21670","Central Goldfields (S)","VIC","24875","7123","2805","37.8","12393","3821","8661","2692","109","4"
"21750","Colac-Otway (S)","VIC","21064","12717","3114","22.9","14315","5010","1739","2915","196","3"
"21830","Corangamite (S)","VIC","20336","8007","2322","25.2","10411","9925","0","2021","301","0"
"21890","Darebin (C)","VIC","67805","58596","11996","19.9","52245","12361","3199","11634","357","5"
"22110","East Gippsland (S)","VIC","58293","26758","9885","35.5","46078","10537","1678","9512","368","5"
"22170","Frankston (C)","VIC","98137","59661","16671","27.1","77769","15962","4406","16157","506","8"
"22250","Gannawarra (S)","VIC","112536","5412","2340","39.1","10602","7456","94478","2116","222","2"
"22310","Glen Eira (C)","VIC","51867","46370","8764","18.3","43937","7444","486","8487","275","2"
"22410","Glenelg (S)","VIC","16547","10256","2894","27.2","13174","3373","0","2788","106","0"
"22490","Golden Plains (S)","VIC","26738","10292","4344","40.5","22513","4225","0","4167","177","0"
"22620","Greater Bendigo (C)","VIC","134692","55147","19576","34.1","92467","23543","18682","18814","749","13"
"22670","Greater Dandenong (C)","VIC","131371","53507","15469","27.0","71504","42258","17609","14446","982","41"
"22750","Greater Geelong (C)","VIC","209780","124424","33956","26.4","158870","35579","15331","32848","1093","15"
"22830","Greater Shepparton (C)","VIC","110762","29860","12089","37.9","56567","23608","30587","11318","746","25"
"22910","Hepburn (S)","VIC","21588","9830","3658","35.8","17640","3845","103","3519","138","1"
"22980","Hindmarsh (S)","VIC","6213","3120","1109","33.9","4628","1245","340","1059","48","2"
"23110","Hobsons Bay (C)","VIC","52355","36920","8563","22.3","36754","12958","2643","8228","326","9"
"23190","Horsham (RC)","VIC","20472","9460","3065","30.6","14562","5620","290","2895","169","1"
"23270","Hume (C)","VIC","240875","91860","31221","32.5","170498","44381","25996","29831","1364","26"
"23350","Indigo (S)","VIC","27013","8298","4533","52.5","22213","4660","140","4359","173","1"
"23430","Kingston (C) (Vic.)","VIC","102181","57398","14770","24.5","69735","25004","7442","14050","698","22"
"23670","Knox (C)","VIC","121551","61507","19436","30.6","90765","21389","9397","18794","623","19"
"23810","Latrobe (C) (Vic.)","VIC","70415","34333","11091","30.8","50835","16157","3423","10568","513","10"
"23940","Loddon (S)","VIC","12521","4272","1790","39.6","7886","3645","990","1690","98","2"
"24130","Macedon Ranges (S)","VIC","58020","22027","8910","38.5","45491","10718","1811","8470","438","2"
"24210","Manningham (C)","VIC","66433","44281","10931","23.8","55271","9259","1903","10526","399","6"
"24250","Mansfield (S)","VIC","16795","6798","2347","31.5","12034","4463","298","2138","208","1"
"24330","Maribyrnong (C)","VIC","34240","29483","5460","17.6","23770","10069","401","5178","281","1"
"24410","Maroondah (C)","VIC","70031","45876","11385","23.8","53365","15037","1629","10930","448","7"
"24600","Melbourne (C)","VIC","20979","12083","1657","11.3","5820","11405","3754","1368","272","17"
"24650","Melton (C)","VIC","149887","58782","24546","41.0","131869","12329","5689","24120","413","13"
"24780","Mildura (RC)","VIC","563310","24515","9041","33.2","47067","26145","490098","8139","885","17"
"24850","Mitchell (S)","VIC","48360","21195","7988","36.4","41079","6804","477","7712","273","3"
"24900","Moira (S)","VIC","312210","15910","7315","42.4","33815","16926","261469","6739","560","16"
"24970","Monash (C)","VIC","105728","64381","16747","25.1","80099","18738","6891","16156","577","14"
"25060","Moonee Valley (C)","VIC","46055","42495","7854","17.7","36211","9602","242","7516","337","1"
"25150","Moorabool (S)","VIC","34273","16645","5666","32.7","27918","5309","1046","5441","223","2"
"25250","Moreland (C)","VIC","64573","64565","11425","17.0","49259","13334","1980","10974","445","6"
"25340","Mornington Peninsula (S)","VIC","156763","93571","25351","25.8","124997","29122","2644","24151","1192","8"
"25430","Mount Alexander (S)","VIC","25192","10496","4830","44.7","20585","2859","1748","4692","133","5"
"25490","Moyne (S)","VIC","18235","8816","2448","25.7","11874","6361","0","2263","185","0"
"25620","Murrindindi (S)","VIC","20130","8892","3347","36.0","15895","4235","0","3205","142","0"
"25710","Nillumbik (S)","VIC","53911","22272","7279","31.2","37191","6847","9873","6945","331","3"
"25810","Northern Grampians (S)","VIC","20883","6150","2050","31.4","9317","3595","7971","1933","114","3"
"25900","Port Phillip (C)","VIC","20998","20094","2933","13.5","12399","7747","852","2705","224","4"
"25990","Pyrenees (S)","VIC","9412","4088","1589","37.2","7668","1744","0","1520","69","0"
"26080","Queenscliffe (B)","VIC","4864","3095","881","27.6","4204","660","0","855","26","0"
"26170","South Gippsland (S)","VIC","39058","17858","6473","34.2","28649","9742","667","6109","361","3"
"26260","Southern Grampians (S)","VIC","12139","8331","1982","22.6","9267","2872","0","1881","101","0"
"26350","Stonnington (C)","VIC","28221","26518","4048","14.3","19845","6145","2231","3802","243","3"
"26430","Strathbogie (S)","VIC","17425","6455","2823","41.8","12969","4258","198","2699","123","1"
"26490","Surf Coast (S)","VIC","41818","22853","6786","28.6","34699","6038","1081","6543","240","3"
"26610","Swan Hill (RC)","VIC","288085","9143","3591","33.4","16341","17804","253940","3055","518","18"
"26670","Towong (S)","VIC","11516","3144","1753","52.6","8632","2626","258","1655","97","1"
"26700","Wangaratta (RC)","VIC","39319","14120","6148","41.4","29922","8652","745","5840","305","3"
"26730","Warrnambool (C)","VIC","22106","15760","3314","19.9","15343","6262","501","3130","182","2"
"26810","Wellington (S)","VIC","51453","23226","8130","33.1","36524","14022","907","7693","435","2"
"26890","West Wimmera (S)","VIC","4402","2145","733","32.5","3483","919","0","698","35","0"
"26980","Whitehorse (C)","VIC","82513","62608","14434","22.4","67330","13043","2140","14038","392","4"
"27070","Whittlesea (C)","VIC","166399","85890","26403","29.8","135243","24975","6181","25598","791","14"
"27170","Wodonga (C)","VIC","53809","18783","7533","38.3","38765","9920","5124","7198","327","8"
"27260","Wyndham (C)","VIC","282042","111156","43846","38.7","233673","34143","14226","42976","832","38"
"27350","Yarra (C)","VIC","25917","24293","3790","14.6","14895","7502","3520","3546","238","6"
"27450","Yarra Ranges (S)","VIC","116217","62334","18874","28.9","89871","24462","1884","18024","845","5"
"27630","Yarriambiack (S)","VIC","7599","3588","1317","34.9","5852","1747","0","1254","63","0"
"29399","Unincorporated Vic","VIC","1495","713","266","35.2","1176","319","0","251","15","0"
"30250","Aurukun (S)","QLD","310","436","15","1.7","54","256","0","7","8","0"
"30300","Balonne (S)","QLD","7912","2276","898","33.3","4125","3787","0","757","141","0"
"30370","Banana (S)","QLD","126303","6902","2564","35.1","12405","3954","109944","2420","143","1"
"30410","Barcaldine (R)","QLD","39923","1809","538","25.6","2632","1393","35898","463","72","3"
"30450","Barcoo (S)","QLD","537","256","43","12.6","154","383","0","32","11","0"
"30760","Blackall-Tambo (R)","QLD","2576","1150","335","25.1","1598","978","0","289","46","0"
"30900","Boulia (S)","QLD","1228","316","127","34.1","569","659","0","108","19","0"
"31000","Brisbane (C)","QLD","1249726","382687","195915","49.0","962873","231898","54955","187489","8319","107"
"31750","Bulloo (S)","QLD","3531","202","129","34.6","406","2886","239","70","58","1"
"31820","Bundaberg (R)","QLD","223612","43617","26027","57.7","121598","22854","79160","25188","828","11"
"31900","Burdekin (S)","QLD","299287","8378","4613","47.9","21859","18319","259109","4014","595","4"
"31950","Burke (S)","QLD","279","166","17","5.3","46","233","0","9","8","0"
"32080","Cairns (R)","QLD","223352","60323","30289","47.4","171501","44991","6860","28602","1673","14"
"32250","Carpentaria (S)","QLD","7403","1552","216","10.4","922","1521","4960","161","54","1"
"32260","Cassowary Coast (R)","QLD","40148","14416","5335","33.7","27849","12099","200","4858","476","1"
"32270","Central Highlands (R) (Qld)","QLD","251362","12659","4442","32.0","24119","10583","216660","4049","387","6"
"32310","Charters Towers (R)","QLD","14563","5898","2079","33.1","10786","2973","804","1950","127","2"
"32330","Cherbourg (S)","QLD","1372","514","203","37.3","955","417","0","191","12","0"
"32450","Cloncurry (S)","QLD","3247","2046","351","15.2","2142","1105","0","311","40","0"
"32500","Cook (S)","QLD","23433","2140","427","17.4","1975","1421","20037","372","52","3"
"32600","Croydon (S)","QLD","355","133","46","30.3","220","135","0","40","6","0"
"32750","Diamantina (S)","QLD","845","200","79","32.0","344","501","0","64","15","0"
"32770","Doomadgee (S)","QLD","1142","698","62","4.0","141","1001","0","28","34","0"
"32810","Douglas (S)","QLD","19716","6000","2697","41.6","14733","4642","341","2496","200","1"
"33100","Etheridge (S)","QLD","64147","367","127","30.3","606","373","63168","111","15","1"
"33200","Flinders (S) (Qld)","QLD","42522","1013","374","32.4","2144","850","39528","328","44","2"
"33220","Fraser Coast (R)","QLD","266205","52032","31449","59.0","148225","19213","98767","30702","737","10"
"33360","Gladstone (R)","QLD","84474","27588","13978","49.0","71967","11423","1084","13528","448","2"
"33430","Gold Coast (C)","QLD","740667","207857","112869","51.6","577426","131887","31354","107181","5637","51"
"33610","Goondiwindi (R)","QLD","15031","4605","1824","35.9","8483","4511","2037","1654","167","3"
"33620","Gympie (R)","QLD","309782","25243","16625","63.4","79143","14864","215775","15993","628","4"
"33800","Hinchinbrook (S)","QLD","13623","5848","2301","37.7","11209","2212","202","2207","93","1"
"33830","Hope Vale (S)","QLD","897","543","115","18.9","540","357","0","102","13","0"
"33960","Ipswich (C)","QLD","292139","90861","48068","51.4","246367","35176","10596","46670","1376","22"
"33980","Isaac (R)","QLD","221693","10565","1775","15.4","9851","3869","207973","1624","147","4"
"34420","Kowanyama (S)","QLD","230","323","11","1.7","40","190","0","5","6","0"
"34530","Livingstone (S)","QLD","51926","17306","9138","51.5","45569","5446","911","8906","229","3"
"34570","Lockhart River (S)","QLD","174","246","8","1.7","30","144","0","4","4","0"
"34580","Lockyer Valley (R)","QLD","76210","16743","11433","64.6","56872","15610","3728","10811","620","2"
"34590","Logan (C)","QLD","492029","132495","77192","55.8","388845","86809","16375","73890","3273","29"
"34710","Longreach (R)","QLD","22956","1888","613","28.1","3170","2302","17484","531","80","2"
"34770","Mackay (R)","QLD","167244","50975","23770","44.6","134319","31555","1370","22743","1021","6"
"34800","McKinlay (S)","QLD","4244","362","123","23.9","469","643","3132","86","36","1"
"34830","Mapoon (S)","QLD","18","119","1","0.7","5","13","0","1","0","0"
"34860","Maranoa (R)","QLD","17271","6328","2846","41.3","11542","5729","0","2612","234","0"
"34880","Mareeba (S)","QLD","34605","9582","4456","41.4","21180","12922","503","3965","488","3"
"35010","Moreton Bay (R)","QLD","655036","190915","112198","56.8","554063","88878","12095","108477","3690","31"
"35250","Mornington (S)","QLD","291","392","15","2.0","56","235","0","8","7","0"
"35300","Mount Isa (C)","QLD","120834","8531","2472","26.3","12312","7189","101333","2242","226","4"
"35600","Murweh (S)","QLD","6037","2100","768","33.1","3713","1566","758","695","72","1"
"35670","Napranum (S)","QLD","63","415","4","0.7","16","47","0","3","1","0"
"35740","Noosa (S)","QLD","94659","25537","15687","58.4","75950","18012","697","14904","780","3"
"35760","North Burnett (R)","QLD","14337","5158","2207","40.1","9450","4887","0","2068","139","0"
"35780","Northern Peninsula Area (R)","QLD","690","1097","35","1.2","84","606","0","13","22","0"
"35790","Palm Island (S)","QLD","4117","1275","647","48.3","3495","622","0","616","31","0"
"35800","Paroo (S)","QLD","2378","1338","379","26.5","1846","532","0","355","24","0"
"36070","Pormpuraaw (S)","QLD","184","258","9","1.7","32","152","0","4","5","0"
"36150","Quilpie (S)","QLD","1989","442","168","31.8","906","816","267","141","26","1"
"36250","Redland (C)","QLD","216003","64982","40915","61.4","190566","22720","2717","39887","1020","8"
"36300","Richmond (S)","QLD","1569","391","164","34.5","850","719","0","135","29","0"
"36370","Rockhampton (R)","QLD","92927","34621","15271","42.4","72772","16485","3670","14693","568","10"
"36510","Scenic Rim (R)","QLD","73380","19476","11557","55.7","57112","16268","0","10846","711","0"
"36580","Somerset (R)","QLD","49721","11335","8268","69.6","41035","8686","0","7885","383","0"
"36630","South Burnett (R)","QLD","40260","13989","6926","47.6","32327","7424","509","6665","259","2"
"36660","Southern Downs (R)","QLD","131823","17916","8357","43.6","38959","14514","78350","7820","535","2"
"36720","Sunshine Coast (R)","QLD","513630","132722","85862","62.3","413194","74597","25839","82724","3118","20"
"36820","Tablelands (R)","QLD","33618","12910","4870","34.7","23556","9773","289","4482","386","2"
"36910","Toowoomba (R)","QLD","467812","74025","30817","39.4","148132","44766","274914","29145","1652","20"
"36950","Torres (S)","QLD","809","1124","65","4.0","228","581","0","44","21","0"
"36960","Torres Strait Island (R)","QLD","1007","1398","82","4.0","285","722","0","56","26","0"
"37010","Townsville (C)","QLD","579366","77305","41893","52.0","221949","44739","312678","40213","1644","36"
"37300","Weipa (T)","QLD","257","1711","17","0.7","65","192","0","11","6","0"
"37310","Western Downs (R)","QLD","1585130","16275","6457","36.4","31853","14325","1538952","5926","517","14"
"37340","Whitsunday (R)","QLD","497652","16613","8066","45.4","43997","14343","439312","7534","521","11"
"37400","Winton (S)","QLD","1766","699","199","24.4","1144","622","0","170","29","0"
"37550","Woorabinda (S)","QLD","177","240","14","5.0","61","116","0","12","2","0"
"37570","Wujal Wujal (S)","QLD","261","158","34","18.9","157","104","0","30","4","0"
"37600","Yarrabah (S)","QLD","3185","1192","411","30.3","1972","1213","0","361","50","0"
"40070","Adelaide (C)","SA","30690","6056","2036","27.3","7680","12910","10100","1653","376","7"
"40120","Adelaide Hills (DC)","SA","73852","16423","10054","55.0","49349","23097","1406","9038","1014","2"
"40150","Adelaide Plains (DC)","SA","24920","4205","3308","71.9","17420","7500","0","3022","286","0"
"40220","Alexandrina (DC)","SA","58599","17146","10749","60.3","48455","9521","623","10336","410","3"
"40250","Anangu Pitjantjatjara (AC)","SA","559","815","41","3.4","148","411","0","28","13","0"
"40310","Barossa (DC)","SA","54125","11480","7304","59.4","34969","12560","6596","6822","472","10"
"40430","Barunga West (DC)","SA","17380","1932","1071","53.6","4708","792","11880","1035","34","2"
"40520","Berri and Barmera (DC)","SA","33797","5279","2872","49.6","14552","5760","13485","2616","244","12"
"40700","Burnside (C)","SA","62537","17743","9246","48.0","47664","14716","157","8522","723","1"
"40910","Campbelltown (C) (SA)","SA","65496","21427","11137","50.0","56003","9120","373","10706","429","2"
"41010","Ceduna (DC)","SA","5086","1977","771","36.3","3670","1416","0","717","54","0"
"41060","Charles Sturt (C)","SA","148156","49509","23575","45.2","113486","32734","1936","22392","1174","9"
"41140","Clare and Gilbert Valleys (DC)","SA","17760","4796","2622","50.8","12544","5216","0","2434","188","0"
"41190","Cleve (DC)","SA","3420","922","555","56.9","2685","735","0","524","31","0"
"41330","Coober Pedy (DC)","SA","2329","1312","67","3.2","281","1048","1000","43","23","1"
"41560","Copper Coast (DC)","SA","42500","9527","5409","55.0","26124","3926","12450","5236","168","5"
"41750","Elliston (DC)","SA","1988","681","286","39.2","1484","504","0","267","19","0"
"41830","Flinders Ranges (DC)","SA","2839","1075","571","51.8","2525","314","0","557","14","0"
"41960","Franklin Harbour (DC)","SA","2612","824","441","50.8","2064","548","0","418","23","0"
"42030","Gawler (T)","SA","41647","10976","6578","57.5","33108","6194","2345","6313","261","4"
"42110","Goyder (DC)","SA","20204","2457","1156","44.8","5495","1465","13244","1102","52","2"
"42250","Grant (DC)","SA","13819","3876","1710","40.5","9401","3846","572","1571","137","2"
"42600","Holdfast Bay (C)","SA","43687","15611","7383","45.2","35710","7443","534","7049","332","2"
"42750","Kangaroo Island (DC)","SA","8410","3367","1473","41.4","6625","1785","0","1393","80","0"
"43080","Karoonda East Murray (DC)","SA","1770","698","313","43.4","1538","232","0","303","10","0"
"43220","Kimba (DC)","SA","2027","602","284","43.9","1373","654","0","264","20","0"
"43360","Kingston (DC) (SA)","SA","3771","1792","641","33.9","3027","744","0","608","33","0"
"43650","Light (RegC)","SA","32074","6755","4532","63.9","22788","5485","3801","4316","208","8"
"43710","Lower Eyre Peninsula (DC)","SA","9739","3247","1588","46.7","7984","1539","216","1516","71","1"
"43790","Loxton Waikerie (DC)","SA","28090","5989","3471","53.6","16034","6859","5197","3211","240","20"
"44000","Maralinga Tjarutja (AC)","SA","82","33","12","34.1","58","24","0","11","1","0"
"44060","Marion (C)","SA","112738","39421","19849","49.0","92108","13780","6850","19309","531","9"
"44210","Mid Murray (DC)","SA","125378","7282","3614","47.2","16676","4387","104315","3440","156","18"
"44340","Mitcham (C)","SA","93713","24923","14652","55.8","73937","16155","3621","13911","735","6"
"44550","Mount Barker (DC)","SA","74962","17344","10604","57.0","56186","17361","1415","9889","709","6"
"44620","Mount Gambier (C)","SA","23734","11535","3577","29.3","17216","5889","629","3377","199","1"
"44830","Mount Remarkable (DC)","SA","14777","1863","995","50.9","4730","1115","8932","948","46","1"
"45040","Murray Bridge (RC)","SA","67837","10491","5894","53.1","28116","8774","30947","5570","313","11"
"45090","Naracoorte and Lucindale (DC)","SA","16619","4117","1671","37.9","8820","2855","4944","1562","107","2"
"45120","Northern Areas (DC)","SA","8551","2475","1407","52.9","6297","2254","0","1309","98","0"
"45290","Norwood Payneham St Peters (C)","SA","46659","14190","6747","43.3","32266","13801","592","6151","593","3"
"45340","Onkaparinga (C)","SA","242138","76126","44392","56.7","202595","33051","6492","43126","1254","12"
"45400","Orroroo/Carrieton (DC)","SA","1806","543","300","52.4","1337","469","0","285","15","0"
"45540","Peterborough (DC)","SA","10678","1051","482","44.0","2080","304","8294","463","17","2"
"45680","Playford (C)","SA","148028","40873","21751","51.0","111782","25216","11030","20830","906","15"
"45890","Port Adelaide Enfield (C)","SA","185152","53872","27328","48.3","126943","41326","16883","26043","1255","30"
"46090","Port Augusta (C)","SA","270069","6367","3315","49.4","15458","4371","250240","3147","163","5"
"46300","Port Lincoln (C)","SA","18786","6522","2929","42.5","13635","4571","580","2771","155","3"
"46450","Port Pirie City and Dists (M)","SA","46857","8493","4323","48.7","19828","4260","22769","4138","178","7"
"46510","Prospect (C)","SA","25396","8330","4013","45.0","19866","5530","0","3748","265","0"
"46670","Renmark Paringa (DC)","SA","36357","4723","2645","50.5","13097","6508","16752","2386","235","24"
"46860","Robe (DC)","SA","3121","1648","491","27.7","2387","734","0","457","34","0"
"46970","Roxby Downs (M)","SA","3072","1716","356","19.4","2532","540","0","334","22","0"
"47140","Salisbury (C)","SA","192621","55166","31885","56.0","145681","31110","15830","30880","983","22"
"47290","Southern Mallee (DC)","SA","2985","1068","455","39.5","2116","683","186","422","32","1"
"47490","Streaky Bay (DC)","SA","7644","1404","688","45.8","3273","987","3384","643","44","1"
"47630","Tatiara (DC)","SA","10500","3234","1555","44.6","7766","2596","138","1442","112","1"
"47700","Tea Tree Gully (C)","SA","121381","40421","23119","56.0","106832","12029","2520","22638","479","2"
"47800","The Coorong (DC)","SA","265903","3009","1560","48.9","7470","2463","255970","1470","86","4"
"47910","Tumby Bay (DC)","SA","4608","1703","876","49.6","3948","660","0","845","31","0"
"47980","Unley (C)","SA","49661","13005","7141","50.4","35448","13839","374","6554","585","2"
"48050","Victor Harbor (C)","SA","29980","9820","5886","58.1","24737","4831","412","5710","174","2"
"48130","Wakefield (DC)","SA","22439","3468","1913","51.9","8823","4280","9336","1800","106","7"
"48260","Walkerville (M)","SA","11323","3107","1608","47.4","8400","2923","0","1473","135","0"
"48340","Wattle Range (DC)","SA","16675","6116","2565","39.8","12894","3576","205","2435","129","1"
"48410","West Torrens (C)","SA","75260","23753","10799","42.7","51658","18185","5417","10142","647","10"
"48540","Whyalla (C)","SA","43374","10625","5020","45.3","22757","5365","15252","4818","198","4"
"48640","Wudinna (DC)","SA","2413","557","301","48.6","1393","577","443","271","28","2"
"48750","Yankalilla (DC)","SA","15544","4630","2566","53.1","11923","2828","793","2459","106","1"
"48830","Yorke Peninsula (DC)","SA","26618","10576","5207","47.7","22801","3817","0","5040","167","0"
"49399","Unincorporated SA","SA","145830","2090","528","19.1","2029","3855","139946","399","119","10"
"50080","Albany (C)","WA","24186","18352","4727","25.0","19426","4560","200","4593","133","1"
"50210","Armadale (C)","WA","111065","38454","21320","54.7","101897","8928","240","21016","303","1"
"50250","Ashburton (S)","WA","4773","3388","355","9.1","1782","1873","1118","308","46","1"
"50280","Augusta-Margaret River (S)","WA","19430","9308","3097","31.8","15281","3850","299","2958","137","2"
"50350","Bassendean (T)","WA","15204","6804","2891","41.6","12507","2331","366","2829","60","2"
"50420","Bayswater (C)","WA","55775","29157","10559","35.4","47453","8322","0","10314","245","0"
"50490","Belmont (C)","WA","34276","17414","5641","31.1","24055","8988","1233","5408","229","4"
"50560","Beverley (S)","WA","2242","985","513","51.4","2066","176","0","506","7","0"
"50630","Boddington (S)","WA","2147","802","384","46.6","1909","238","0","374","10","0"
"50770","Boyup Brook (S)","WA","1652","968","321","31.8","1436","216","0","308","13","0"
"50840","Bridgetown-Greenbushes (S)","WA","5563","2817","1064","36.8","4946","617","0","1038","26","0"
"50910","Brookton (S)","WA","1129","458","200","41.5","866","263","0","190","10","0"
"50980","Broome (S)","WA","11757","9209","909","7.4","4151","7196","410","677","230","2"
"51080","Broomehill-Tambellup (S)","WA","890","625","153","23.2","750","140","0","145","8","0"
"51120","Bruce Rock (S)","WA","1360","357","243","63.9","1022","338","0","228","15","0"
"51190","Bunbury (C)","WA","31239","14900","6070","39.8","26779","4460","0","5928","142","0"
"51260","Busselton (C)","WA","54318","22441","9634","41.6","44489","9687","142","9326","307","1"
"51310","Cambridge (T)","WA","23545","9246","3935","41.4","20696","2849","0","3829","106","0"
"51330","Canning (C)","WA","99781","35306","18449","51.1","80154","14379","5248","18052","385","12"
"51400","Capel (S)","WA","19220","8050","3791","46.1","16668","2552","0","3708","83","0"
"51470","Carnamah (S)","WA","854","346","128","34.8","592","262","0","121","7","0"
"51540","Carnarvon (S)","WA","5136","3560","431","8.3","1845","3291","0","296","135","0"
"51610","Chapman Valley (S)","WA","1605","607","283","45.9","1402","203","0","278","5","0"
"51680","Chittering (S)","WA","10527","2495","1748","67.4","8800","1727","0","1682","66","0"
"51750","Claremont (T)","WA","10220","3765","1591","40.9","7766","1119","1335","1541","46","4"
"51820","Cockburn (C)","WA","135230","47089","24948","51.9","114541","17317","3372","24435","500","13"
"51890","Collie (S)","WA","9032","3967","1902","47.0","7859","1173","0","1863","39","0"
"51960","Coolgardie (S)","WA","3649","1755","369","19.9","1860","714","1075","349","19","1"
"52030","Coorow (S)","WA","1827","966","307","30.5","1471","356","0","294","13","0"
"52100","Corrigin (S)","WA","1363","475","258","52.0","1121","242","0","247","11","0"
"52170","Cottesloe (T)","WA","6156","2728","985","34.5","5206","950","0","940","45","0"
"52240","Cranbrook (S)","WA","767","628","128","19.1","557","210","0","120","8","0"
"52310","Cuballing (S)","WA","1003","529","201","36.5","841","162","0","193","8","0"
"52380","Cue (S)","WA","10991","190","40","16.3","167","264","10560","31","6","3"
"52450","Cunderdin (S)","WA","1566","688","241","32.7","1170","396","0","225","16","0"
"52520","Dalwallinu (S)","WA","1916","553","253","39.3","1089","827","0","217","36","0"
"52590","Dandaragan (S)","WA","29451","2571","1088","40.4","5418","2461","21572","1038","48","2"
"52660","Dardanup (S)","WA","17614","6196","3592","57.2","16099","1285","230","3546","45","1"
"52730","Denmark (S)","WA","5650","3703","1106","29.0","4595","1055","0","1074","32","0"
"52800","Derby-West Kimberley (S)","WA","4621","3466","279","4.9","1017","3404","200","171","107","1"
"52870","Donnybrook-Balingup (S)","WA","9228","2839","1697","56.9","7254","1974","0","1615","82","0"
"52940","Dowerin (S)","WA","700","445","121","25.4","552","148","0","113","8","0"
"53010","Dumbleyung (S)","WA","723","303","116","34.8","488","235","0","105","11","0"
"53080","Dundas (S)","WA","7301","456","53","9.9","203","236","6862","45","6","2"
"53150","East Fremantle (T)","WA","6037","2797","1135","39.8","5490","547","0","1114","21","0"
"53220","East Pilbara (S)","WA","127546","3013","165","3.8","554","1819","125173","115","46","4"
"53290","Esperance (S)","WA","10710","6742","1052","14.7","4970","1509","4231","989","61","2"
"53360","Exmouth (S)","WA","3961","2566","311","9.2","1683","2018","260","236","74","1"
"53430","Fremantle (C)","WA","25270","12897","4781","36.1","20381","4064","825","4653","125","3"
"53570","Gingin (S)","WA","15122","4424","1855","39.7","8301","3349","3472","1754","98","3"
"53640","Gnowangerup (S)","WA","1323","781","213","26.1","1056","267","0","204","9","0"
"53710","Goomalling (S)","WA","1156","518","201","36.6","910","246","0","190","11","0"
"53780","Gosnells (C)","WA","130658","47364","26774","55.7","115753","13239","1666","26377","393","4"
"53800","Greater Geraldton (C)","WA","40059","17733","7243","39.8","32467","5724","1868","7054","186","3"
"53920","Halls Creek (S)","WA","1052","1645","58","1.7","177","875","0","29","29","0"
"53990","Harvey (S)","WA","34576","11858","6541","54.2","30104","3733","739","6423","115","3"
"54060","Irwin (S)","WA","4765","2197","920","41.1","4224","541","0","902","18","0"
"54130","Jerramungup (S)","WA","868","835","139","15.4","641","227","0","128","11","0"
"54170","Joondalup (C)","WA","171133","61349","35728","57.8","162966","7331","836","35476","249","3"
"54200","Kalamunda (C)","WA","65769","23818","13119","54.1","57140","7541","1088","12878","238","3"
"54280","Kalgoorlie/Boulder (C)","WA","29148","13079","3229","23.6","15667","4457","9024","3087","135","7"
"54310","Karratha (C)","WA","17843","8950","1197","11.3","6664","6142","5037","1009","181","7"
"54340","Katanning (S)","WA","2778","1831","526","27.6","2253","525","0","506","20","0"
"54410","Kellerberrin (S)","WA","1186","618","211","32.7","916","270","0","202","9","0"
"54480","Kent (S)","WA","341","242","53","19.4","247","94","0","47","6","0"
"54550","Kojonup (S)","WA","1844","1062","280","24.6","1202","642","0","261","19","0"
"54620","Kondinin (S)","WA","880","471","117","21.1","505","375","0","99","18","0"
"54690","Koorda (S)","WA","461","243","74","28.4","367","94","0","69","5","0"
"54760","Kulin (S)","WA","769","338","152","42.4","582","187","0","144","8","0"
"54830","Kwinana (C)","WA","54776","18133","10280","55.9","47620","5206","1950","10129","142","9"
"54900","Lake Grace (S)","WA","1411","687","211","28.4","1094","317","0","195","16","0"
"54970","Laverton (S)","WA","31375","311","36","7.4","136","315","30924","23","9","4"
"55040","Leonora (S)","WA","17883","747","262","33.1","585","306","16992","247","11","4"
"55110","Mandurah (C)","WA","115220","44554","24862","55.2","106023","7112","2085","24609","244","9"
"55180","Manjimup (S)","WA","8916","4981","1364","25.2","5437","3479","0","1254","110","0"
"55250","Meekatharra (S)","WA","37137","615","89","11.7","329","217","36591","72","10","7"
"55320","Melville (C)","WA","99408","40706","18793","45.3","87239","11662","507","18427","363","3"
"55390","Menzies (S)","WA","239","242","19","5.8","60","179","0","14","5","0"
"55460","Merredin (S)","WA","136334","1580","586","34.9","2472","869","132993","551","33","2"
"55530","Mingenew (S)","WA","755","232","115","45.3","539","216","0","105","10","0"
"55600","Moora (S)","WA","2514","1096","415","35.5","1876","638","0","389","26","0"
"55670","Morawa (S)","WA","838","244","133","50.8","667","171","0","124","9","0"
"55740","Mosman Park (T)","WA","7184","3058","1157","36.4","6093","883","208","1114","42","1"
"55810","Mount Magnet (S)","WA","617","384","59","13.8","250","165","202","53","5","1"
"55880","Mount Marshall (S)","WA","545","287","81","26.2","412","133","0","75","6","0"
"55950","Mukinbudin (S)","WA","737","339","115","30.8","494","243","0","104","11","0"
"56090","Mundaring (S)","WA","43514","15322","8413","53.8","38712","4372","430","8241","171","1"
"56160","Murchison (S)","WA","405","61","20","27.1","86","69","250","17","2","1"
"56230","Murray (S)","WA","29072","8357","5617","65.9","24825","2721","1526","5511","103","3"
"56300","Nannup (S)","WA","2057","1009","390","36.9","1688","369","0","372","18","0"
"56370","Narembeen (S)","WA","1066","379","164","40.1","789","277","0","152","12","0"
"56460","Narrogin (S)","WA","4253","2419","784","30.9","3451","802","0","747","37","0"
"56580","Nedlands (C)","WA","16963","6900","2790","38.9","14382","2581","0","2687","103","0"
"56620","Ngaanyatjarraku (S)","WA","293","544","26","3.7","107","186","0","20","6","0"
"56730","Northam (S)","WA","25298","5428","2398","42.6","10688","2521","12089","2312","84","2"
"56790","Northampton (S)","WA","5849","2171","807","35.5","3685","1164","1000","770","36","1"
"56860","Nungarin (S)","WA","239","131","41","28.2","175","64","0","37","4","0"
"56930","Peppermint Grove (S)","WA","1335","593","213","34.3","1128","207","0","203","10","0"
"57000","Perenjori (S)","WA","705","240","95","35.4","472","233","0","85","10","0"
"57080","Perth (C)","WA","12041","3491","1248","30.9","5460","5899","682","1080","165","3"
"57140","Pingelly (S)","WA","1320","583","247","40.9","1153","167","0","238","9","0"
"57210","Plantagenet (S)","WA","4388","2790","827","28.6","3748","640","0","798","29","0"
"57280","Port Hedland (T)","WA","5383","7037","555","7.1","2869","2514","0","499","56","0"
"57350","Quairading (S)","WA","1161","472","209","42.6","801","152","208","201","7","1"
"57420","Ravensthorpe (S)","WA","1158","1471","206","13.4","850","308","0","197","9","0"
"57490","Rockingham (C)","WA","160915","54450","33426","60.8","147889","9171","3855","33106","315","5"
"57630","Sandstone (S)","WA","259","93","22","21.5","82","13","164","20","1","1"
"57700","Serpentine-Jarrahdale (S)","WA","48735","12105","8458","68.3","43460","5075","200","8269","188","1"
"57770","Shark Bay (S)","WA","13686","1333","153","9.4","602","610","12474","125","26","2"
"57840","South Perth (C)","WA","30184","17277","5624","32.0","27454","2537","193","5530","93","1"
"57910","Stirling (C)","WA","168130","93907","31144","32.5","145230","20167","2733","30509","625","10"
"57980","Subiaco (C)","WA","11963","5453","1938","34.0","9274","2511","178","1853","84","1"
"58050","Swan (C)","WA","213232","61216","37144","59.3","180819","25469","6944","36312","819","13"
"58190","Tammin (S)","WA","285","262","53","18.3","175","110","0","48","5","0"
"58260","Three Springs (S)","WA","712","322","119","35.4","615","97","0","114","5","0"
"58330","Toodyay (S)","WA","6643","2371","1457","60.7","6186","457","0","1438","19","0"
"58400","Trayning (S)","WA","319","262","63","23.7","299","20","0","62","1","0"
"58470","Upper Gascoyne (S)","WA","199","145","22","12.4","100","99","0","18","4","0"
"58510","Victoria Park (T)","WA","30611","14526","4542","29.5","20207","9288","1116","4287","251","4"
"58540","Victoria Plains (S)","WA","1499","361","157","38.9","726","773","0","140","17","0"
"58570","Vincent (C)","WA","22402","10491","3481","31.5","16160","6061","181","3304","175","2"
"58610","Wagin (S)","WA","2189","810","356","42.5","1433","361","395","344","11","1"
"58680","Wandering (S)","WA","521","229","97","41.1","456","65","0","94","3","0"
"58760","Wanneroo (C)","WA","253476","81671","48537","58.5","224929","23878","4669","47800","719","18"
"58820","Waroona (S)","WA","5580","2340","1051","43.9","4890","690","0","1028","23","0"
"58890","West Arthur (S)","WA","791","350","147","39.8","600","191","0","139","8","0"
"59030","Westonia (S)","WA","446","157","83","50.6","357","89","0","79","4","0"
"59100","Wickepin (S)","WA","546","312","126","39.5","493","53","0","123","3","0"
"59170","Williams (S)","WA","1406","512","150","27.1","716","250","440","139","10","1"
"59250","Wiluna (S)","WA","27956","248","18","3.2","49","259","27648","8","8","2"
"59310","Wongan-Ballidu (S)","WA","1611","631","229","32.6","1070","541","0","206","23","0"
"59320","Woodanilling (S)","WA","386","246","85","34.2","343","43","0","84","1","0"
"59330","Wyalkatchem (S)","WA","524","379","112","28.5","457","67","0","108","4","0"
"59340","Wyndham-East Kimberley (S)","WA","5440","3880","383","7.8","1981","2529","930","303","79","1"
"59350","Yalgoo (S)","WA","477","87","27","23.7","116","147","214","21","5","1"
"59360","Yilgarn (S)","WA","1248","695","201","27.9","1120","128","0","194","7","0"
"59370","York (S)","WA","5457","1830","984","52.7","4361","601","495","965","18","1"
"60210","Break O'Day (M)","TAS","6702","5144","1217","23.1","5757","945","0","1187","30","0"
"60410","Brighton (M)","TAS","10507","7911","1889","23.5","9395","792","320","1858","30","1"
"60610","Burnie (C)","TAS","9988","9602","1522","15.3","7620","2012","356","1466","54","2"
"60810","Central Coast (M) (Tas.)","TAS","13854","10698","2406","21.8","11845","2009","0","2333","73","0"
"61010","Central Highlands (M) (Tas.)","TAS","1190","1118","210","18.2","1018","172","0","204","6","0"
"61210","Circular Head (M)","TAS","5083","4099","709","16.5","3674","1101","308","675","32","2"
"61410","Clarence (C)","TAS","35558","26808","6134","22.3","30137","4540","881","5974","157","3"
"61510","Derwent Valley (M)","TAS","5610","5334","974","17.7","4710","900","0","946","28","0"
"61610","Devonport (C)","TAS","14330","12258","2281","17.9","10801","2759","770","2192","87","2"
"61810","Dorset (M)","TAS","4828","4210","853","19.5","3725","1103","0","822","31","0"
"62010","Flinders (M) (Tas.)","TAS","3177","708","249","33.8","1018","159","2000","239","9","1"
"62210","George Town (M)","TAS","14543","3668","982","26.1","4891","834","8818","958","22","2"
"62410","Glamorgan/Spring Bay (M)","TAS","5082","4602","941","20.0","4405","677","0","918","23","0"
"62610","Glenorchy (C)","TAS","18771","19309","3531","17.9","15423","2540","808","3451","78","2"
"62810","Hobart (C)","TAS","23770","20077","4185","20.0","18735","4630","405","4017","167","1"
"63010","Huon Valley (M)","TAS","14005","9231","2538","26.8","11749","2256","0","2470","68","0"
"63210","Kentish (M)","TAS","4779","3024","805","25.6","3695","857","227","775","29","1"
"63410","King Island (M)","TAS","2463","907","320","30.8","1530","933","0","279","41","0"
"63610","Kingborough (M)","TAS","24909","17792","4724","26.1","22240","2390","279","4638","84","2"
"63810","Latrobe (M) (Tas.)","TAS","8430","6253","1396","21.8","7129","1301","0","1360","36","0"
"64010","Launceston (C)","TAS","39104","29422","6159","20.1","29383","9074","647","5907","249","3"
"64210","Meander Valley (M)","TAS","14261","9472","2324","23.6","11029","3232","0","2232","92","0"
"64610","Northern Midlands (M)","TAS","10401","6221","1551","23.6","7189","2965","247","1468","82","1"
"64810","Sorell (M)","TAS","10258","8689","1980","22.4","9356","902","0","1948","32","0"
"65010","Southern Midlands (M)","TAS","3652","3191","669","20.4","3128","524","0","650","19","0"
"65210","Tasman (M)","TAS","2259","2828","438","15.0","1977","282","0","424","14","0"
"65410","Waratah/Wynyard (M)","TAS","8304","6759","1429","20.5","6948","1356","0","1386","43","0"
"65610","West Coast (M)","TAS","2190","3011","351","11.3","1844","346","0","341","10","0"
"65810","West Tamar (M)","TAS","17972","11233","3294","28.7","15797","2175","0","3219","75","0"
"70200","Alice Springs (T)","NT","25107","10812","3320","29.1","16231","6734","2142","3144","169","7"
"70420","Barkly (R)","NT","4547","2842","388","11.9","2071","1573","903","338","48","2"
"70540","Belyuen (S)","NT","92","51","8","13.0","46","46","0","7","1","0"
"70620","Central Desert (R)","NT","2417","1352","84","4.2","325","754","1338","57","23","4"
"70700","Coomalie (S)","NT","26360","736","161","19.2","792","521","25047","141","18","2"
"71000","Darwin (C)","NT","78377","22067","8077","34.6","45608","20245","12524","7635","430","12"
"71300","East Arnhem (R)","NT","6367","2797","348","10.3","1974","2149","2244","287","56","5"
"72200","Katherine (T)","NT","42779","4073","972","21.7","5105","3643","34031","884","86","2"
"72300","Litchfield (M)","NT","50924","8692","3074","33.1","19885","7171","23868","2880","190","4"
"72330","MacDonnell (R)","NT","2647","2233","127","3.9","481","1079","1087","86","35","6"
"72800","Palmerston (C)","NT","39598","12867","5481","41.8","32333","4179","3086","5380","94","7"
"73600","Roper Gulf (R)","NT","4086","2569","258","8.0","1334","1960","792","204","50","4"
"74050","Tiwi Islands (R)","NT","2473","759","117","13.0","684","688","1101","98","18","1"
"74550","Victoria Daly (R)","NT","2593","1096","125","9.3","659","910","1024","102","22","1"
"74560","Wagait (S)","NT","257","142","21","13.0","128","129","0","18","3","0"
"74660","West Arnhem (R)","NT","13642","2218","259","9.4","1446","1584","10612","209","45","5"
"74680","West Daly (R)","NT","1777","983","150","13.0","886","891","0","127","23","0"
"79399","Unincorporated NT","NT","6067","2733","275","8.3","1454","1787","2826","226","44","5"
"89399","Unincorporated ACT","ACT","472400","153522","57638","35.8","343390","71960","57050","54935","2669","34"
"99399","Unincorp. Other Territories","OT","5127","2068","981","44.9","3892","1235","0","930","51","0"
